"FORM ID","DATE START","DATE END","LOCATION ID","LOCATION NAME","COUNTRY NAME","EMERGENCY / POST-EMERGENCY","NUMBER OF PERSONS PER USABLE HANDPUMP / WELL / SPRING","NUMBER OF PERSONS PER USABLE WATER TAP","AVERAGE # LITERS OF POTABLE WATER AVAILABLE PER PERSON PER DAY","% WATER QUALITY TESTS AT NON CHLORINATED WATER COLLECTION LOCATIONS WITH 0 CFU/100ML","% OF WATER QUALITY TESTS AT CHLORINATED COLLECTION LOCATIONS WITH FRC IN THE RANGE 0.2-2MG/L AND TURBIDITY <5NTU5","NUMBER OF PERSONS PER TOILET/LATRINE","NUMBER OF PERSONS PER BATH SHELTER/SHOWER","NUMBER OF PERSONS PER HYGIENE PROMOTER","REFUGEE POPULATION","REPORTING PERIOD - MONTHLY INDICATOR","AVERAGE # L/P/D OF POTABLE WATER COLLECTED AT HOUSEHOLD LEVEL","% HOUSEHOLDS WITH AT LEAST 10 LITERS/PERSON POTABLE WATER STORAGE CAPACITY","% HOUSEHOLDS COLLECTING DRINKING WATER FROM PROTECTED/TREATED SOURCES","% HOUSEHOLDS WITH HOUSEHOLD TOILET/LATRINE","% HOUSEHOLDS REPORTING DEFECATING IN A TOILET","% HOUSEHOLDS WITH ACCESS TO SOAP","% HOUSEHOLDS WITH ACCESS TO SOLID WASTE DISPOSAL FACILITY","REPORTING PERIOD - ANNUAL INDICATOR"
1154111,2019-01-01,2019-12-31,569,Kutupalong,Bangladesh,,,,,,,,,,,,,,,,,,,
623239,2019-01-01,2019-12-31,403,Za'atri,Jordan,,,,,,,,,,,,,,,,,,,
3292561,2019-01-01,2019-12-31,365,Tongogara,Zimbabwe,,,,,,,,,,,,15.00,65.50,100.00,32.00,73.40,88.50,55.70,2019-05-01
4876132,2019-09-02,2019-09-29,538,"Adi Harush",Ethiopia,Post-emergency,,114,11,100,100,11,37,989,17805,2019-09-01,,,,,,,,
4876127,2019-09-02,2019-09-29,539,Aysaita,Ethiopia,Post-emergency,,110,20,100,100,21,45,3347,16735,2019-09-01,,,,,,,,
4876126,2019-09-02,2019-09-29,407,Barahle,Ethiopia,Post-emergency,,76,12,100,100,15,28,1011,13147,2019-09-01,,,,,,,,
4276716,2019-09-02,2019-09-29,533,Bokolmanyo,Ethiopia,Post-emergency,,139,16,,100,54,61,716,42981,2019-09-01,,,,,,,,
4276866,2019-09-02,2019-09-29,541,Buramino,Ethiopia,Post-emergency,,116,13,,100,44,73,1625,42271,2019-09-01,,,,,,,,
4276715,2019-09-02,2019-09-29,429,"Dollo Ado Transit Centre",Ethiopia,Emergency,,,11,,,45,113,,907,2019-09-01,,,,,,,,
4285819,2019-09-02,2019-09-29,527,Fugnido,Ethiopia,Post-emergency,,69,19,,100,11,37,751,40595,2019-09-01,,,,,,,,
4285818,2019-09-02,2019-09-29,497,"Fugnido 2",Ethiopia,Post-emergency,,48,20,,100,11,17,440,8807,2019-09-01,,,,,,,,
4276865,2019-09-02,2019-09-29,537,Hilaweyn,Ethiopia,Post-emergency,,148,13,,100,54,24,1671,51807,2019-09-01,,,,,,,,
4876129,2019-09-02,2019-09-29,435,Hitsats,Ethiopia,Post-emergency,6787,113,10,100,100,11,11,678,13574,2019-09-01,,,,,,,,
4285804,2019-09-02,2019-09-29,494,Jewi,Ethiopia,Post-emergency,,119,16,,100,10,26,907,54445,2019-09-01,,,,,,,,
4276864,2019-09-02,2019-09-29,536,Kobe,Ethiopia,Post-emergency,,163,19,,0,21,28,804,48275,2019-09-01,,,,,,,,
4285803,2019-09-02,2019-09-29,450,Kule,Ethiopia,Post-emergency,,132,13,,100,12,26,541,42774,2019-09-01,,,,,,,,
4876131,2019-09-02,2019-09-29,534,"Mai Aini",Ethiopia,Post-emergency,,89,14,100,100,8,22,892,14275,2019-09-01,,,,,,,,
4276863,2019-09-02,2019-09-29,535,Melkadida,Ethiopia,Post-emergency,,122,22,,100,17,28,579,34784,2019-09-01,,,,,,,,
4285842,2019-09-02,2019-09-29,4015,Ngueyyiel,Ethiopia,Post-emergency,,136,10,,100,15,16,576,81872,2019-09-01,,,,,,,,
4598214,2019-09-02,2019-09-29,544,Okugo,Ethiopia,Post-emergency,,86,21,,100,17,,475,10465,2019-09-01,,,,,,,,
4876130,2019-09-02,2019-09-29,529,Shimelba,Ethiopia,Post-emergency,,90,15,100,100,6,19,439,7026,2019-09-01,,,,,,,,
4285820,2019-09-02,2019-09-29,546,Tierkidi,Ethiopia,Post-emergency,,195,9,,100,16,255,1105,60785,2019-09-01,,,,,,,,
3462066,2019-09-02,2019-09-29,403,Za'atri,Jordan,Post-emergency,,4,58,100,100,3,5,2600,78000,2019-09-01,,,,,,,,
4277613,2019-09-02,2019-09-29,313,Dzaleka,Malawi,Post-emergency,1028,72,6,,,8,14,152,43414,2019-09-01,,,,,,,,
4484622,2019-09-02,2019-09-29,644,Osire,Namibia,Post-emergency,7736,,23,100,,11,,,4470,2019-09-01,,,,,,,,
4869383,2019-09-02,2019-09-29,549,Imvepi,Uganda,Post-emergency,300,154,24,64,50,4,4,581,61017,2019-09-01,,,,,,,,
4869384,2019-09-02,2019-09-29,548,"Rhino Camp",Uganda,Post-emergency,229,278,25,,,7,17,777,111221,2019-09-01,,,,,,,,
4188853,2019-09-02,2019-09-29,559,Rwamwanja,Uganda,Post-emergency,900,985,12,99,8,6,226,381,69372,2019-09-01,,,,,,,,
4822667,2019-09-02,2019-09-29,4067,Mantapala,Zambia,Post-emergency,249,125,22,100,50,6,5,297,14855,2019-09-01,,,,,,,,
3523339,2019-07-29,2019-09-01,463,Auserd,Algeria,Post-emergency,,61,7,100,100,5,4,642,18638,2019-08-01,,,,,,,,
3523312,2019-07-29,2019-09-01,464,Boujdour,Algeria,Post-emergency,,,21,100,100,5,4,331,9601,2019-08-01,,,,,,,,
3523468,2019-07-29,2019-09-01,465,Dakhla,Algeria,Post-emergency,,49,42,,100,5,4,374,10870,2019-08-01,,,,,,,,
3523460,2019-07-29,2019-09-01,466,Layounne,Algeria,Post-emergency,,,13,,100,5,5,1275,25503,2019-08-01,,,,,,,,
3430911,2019-07-29,2019-09-01,467,Smara,Algeria,Post-emergency,,98,19,,100,5,5,1493,25389,2019-08-01,,,,,,,,
3155172,2019-07-29,2019-09-01,209,"Lunda Norte",Angola,Post-emergency,,91,12,,,5,,922,20287,2019-08-01,,,,,,,,
3428597,2019-07-29,2019-09-01,625,Minawao,Cameroon,Post-emergency,500,1094,14,45,5,26,27,724,59401,2019-08-01,,,,,,,,
3303528,2019-07-29,2019-09-01,572,Amboko,Chad,Post-emergency,484,,25,83,83,6,6,1855,11134,2019-08-01,,,,,,,,
3303529,2019-07-29,2019-09-01,573,Amnabak,Chad,Post-emergency,,310,12,100,100,12,12,4585,22929,2019-08-01,,,,,,,,
3308430,2019-07-29,2019-09-01,4284,Beakoro,Chad,Post-emergency,1100,,10,,,18,18,99,199,2019-08-01,,,,,,,,
3308428,2019-07-29,2019-09-01,4282,Bekan,Chad,Post-emergency,1125,,10,,,41,46,675,3376,2019-08-01,,,,,,,,
3304286,2019-07-29,2019-09-01,4277,Bekourou,Chad,Post-emergency,722,,16,,,24,26,288,1444,2019-08-01,,,,,,,,
3303545,2019-07-29,2019-09-01,600,Belom,Chad,Post-emergency,539,,29,100,100,7,6,4631,23157,2019-08-01,,,,,,,,
3303530,2019-07-29,2019-09-01,574,Bredjing,Chad,Post-emergency,,269,14,100,100,11,10,4843,48439,2019-08-01,,,,,,,,
3303527,2019-07-29,2019-09-01,484,"Dar Es Salam",Chad,Post-emergency,410,,30,100,100,21,20,2457,12287,2019-08-01,,,,,,,,
3304284,2019-07-29,2019-09-01,4275,Dembo,Chad,Post-emergency,791,,15,,,33,33,632,3163,2019-08-01,,,,,,,,
3308426,2019-07-29,2019-09-01,4280,Diba,Chad,Post-emergency,934,,12,,,12,12,747,3735,2019-08-01,,,,,,,,
3308425,2019-07-29,2019-09-01,4279,Dilingala,Chad,Post-emergency,770,,15,,,35,39,462,2311,2019-08-01,,,,,,,,
3303531,2019-07-29,2019-09-01,575,Djabal,Chad,Post-emergency,,111,20,83,83,10,9,4681,23407,2019-08-01,,,,,,,,
3303526,2019-07-29,2019-09-01,483,Doholo,Chad,Post-emergency,620,,28,82,82,6,5,1364,6822,2019-08-01,,,,,,,,
3303532,2019-07-29,2019-09-01,576,Dosseye,Chad,Post-emergency,407,,30,88,88,6,5,3252,16262,2019-08-01,,,,,,,,
3303533,2019-07-29,2019-09-01,577,Farchana,Chad,Post-emergency,,386,13,100,100,8,7,4298,30088,2019-08-01,,,,,,,,
3303535,2019-07-29,2019-09-01,578,Gaga,Chad,Post-emergency,,624,14,100,100,8,7,4367,26206,2019-08-01,,,,,,,,
3304287,2019-07-29,2019-09-01,4278,Gon,Chad,Post-emergency,938,,12,,,59,72,375,1875,2019-08-01,,,,,,,,
3303536,2019-07-29,2019-09-01,579,Gondje,Chad,Post-emergency,368,,33,100,100,7,7,1839,9199,2019-08-01,,,,,,,,
3303537,2019-07-29,2019-09-01,580,"Goz Amer",Chad,Post-emergency,677,,18,85,85,9,8,5977,35866,2019-08-01,,,,,,,,
3303538,2019-07-29,2019-09-01,581,Iridimi,Chad,Post-emergency,,149,14,100,100,11,11,4100,20503,2019-08-01,,,,,,,,
3303524,2019-07-29,2019-09-01,482,Kerfi,Chad,Post-emergency,267,,40,100,100,5,5,445,1335,2019-08-01,,,,,,,,
3303539,2019-07-29,2019-09-01,582,Kounoungou,Chad,Post-emergency,,221,15,100,100,12,11,3894,19473,2019-08-01,,,,,,,,
3303540,2019-07-29,2019-09-01,583,Mile,Chad,Post-emergency,,157,14,100,100,14,14,4153,20768,2019-08-01,,,,,,,,
3303544,2019-07-29,2019-09-01,599,Moyo,Chad,Post-emergency,337,,42,100,100,6,5,1685,8428,2019-08-01,,,,,,,,
3303541,2019-07-29,2019-09-01,584,"Oure Cassoni",Chad,Post-emergency,,203,18,100,100,8,8,6089,30449,2019-08-01,,,,,,,,
3304285,2019-07-29,2019-09-01,4276,Silambi,Chad,Post-emergency,,,0,,,13,13,,902,2019-08-01,,,,,,,,
3303542,2019-07-29,2019-09-01,585,Touloum,Chad,Post-emergency,,164,15,100,100,13,13,5103,25515,2019-08-01,,,,,,,,
3303543,2019-07-29,2019-09-01,586,Treguine,Chad,Post-emergency,946,,13,89,89,7,7,4256,25539,2019-08-01,,,,,,,,
3308427,2019-07-29,2019-09-01,4281,Vom,Chad,Post-emergency,629,,19,,,8,8,251,1257,2019-08-01,,,,,,,,
4052532,2019-07-29,2019-09-01,4285,Maicao,Colombia,Emergency,,,17,,,12,14,,350,2019-08-01,,,,,,,,
4187047,2019-07-29,2019-09-01,486,Bili,"Democratic Republic of the Congo",Post-emergency,4771,,8,,,10,16,2385,9542,2019-08-01,,,,,,,,
4594461,2019-07-29,2019-09-01,660,Boyabo,"Democratic Republic of the Congo",Post-emergency,594,,20,100,,29,35,4308,17234,2019-08-01,,,,,,,,
4187162,2019-07-29,2019-09-01,660,Boyabo,"Democratic Republic of the Congo",Post-emergency,603,,19,100,,30,36,4375,17500,2019-08-01,,,,,,,,
4594462,2019-07-29,2019-09-01,657,Inke,"Democratic Republic of the Congo",Post-emergency,698,,17,,,27,44,4535,18143,2019-08-01,,,,,,,,
4186940,2019-07-29,2019-09-01,657,Inke,"Democratic Republic of the Congo",Post-emergency,693,,17,,,27,43,4507,18029,2019-08-01,,,,,,,,
4188912,2019-07-29,2019-09-01,658,Mole,"Democratic Republic of the Congo",Post-emergency,4952,990,14,100,100,23,34,3714,14857,2019-08-01,,,,,,,,
4594463,2019-07-29,2019-09-01,658,Mole,"Democratic Republic of the Congo",Post-emergency,4984,,14,100,100,23,34,3737,14951,2019-08-01,,,,,,,,
3794417,2019-07-29,2019-09-01,538,"Adi Harush",Ethiopia,Post-emergency,,80,15,100,100,10,31,1175,15279,2019-08-01,,,,,,,,
3428945,2019-07-29,2019-09-01,539,Aysaita,Ethiopia,Post-emergency,,158,16,,100,28,71,4278,21392,2019-08-01,,,,,,,,
4794804,2019-07-29,2019-09-01,543,Bambasi,Ethiopia,Post-emergency,,50,14,100,100,5,6,1136,17041,2019-08-01,,,,,,,,
3428941,2019-07-29,2019-09-01,407,Barahle,Ethiopia,Post-emergency,,110,12,,100,23,41,1472,19143,2019-08-01,,,,,,,,
3375189,2019-07-29,2019-09-01,533,Bokolmanyo,Ethiopia,Post-emergency,,130,16,,100,39,43,716,42981,2019-08-01,,,,,,,,
3375193,2019-07-29,2019-09-01,541,Buramino,Ethiopia,Post-emergency,,116,15,,100,43,73,1625,42271,2019-08-01,,,,,,,,
3375188,2019-07-29,2019-09-01,429,"Dollo Ado Transit Centre",Ethiopia,Emergency,,91,18,,100,27,68,548,548,2019-08-01,,,,,,,,
3301329,2019-07-29,2019-09-01,527,Fugnido,Ethiopia,Post-emergency,,69,20,,100,11,37,748,40418,2019-08-01,,,,,,,,
3301325,2019-07-29,2019-09-01,497,"Fugnido 2",Ethiopia,Post-emergency,,47,20,,100,11,17,435,8715,2019-08-01,,,,,,,,
4795466,2019-07-29,2019-09-01,3973,Gure-Shembola,Ethiopia,Post-emergency,,114,14,100,100,14,21,840,8400,2019-08-01,,,,,,,,
3375192,2019-07-29,2019-09-01,537,Hilaweyn,Ethiopia,Post-emergency,,148,17,,100,50,24,1671,51807,2019-08-01,,,,,,,,
3791351,2019-07-29,2019-09-01,435,Hitsats,Ethiopia,Post-emergency,6794,98,12,100,100,11,11,679,13588,2019-08-01,,,,,,,,
3301328,2019-07-29,2019-09-01,494,Jewi,Ethiopia,Post-emergency,,118,17,,100,9,26,899,53982,2019-08-01,,,,,,,,
3272122,2019-07-29,2019-09-01,530,Kebribeyah,Ethiopia,Post-emergency,,67,14,,,15,,,14532,2019-08-01,,,,,,,,
3375191,2019-07-29,2019-09-01,536,Kobe,Ethiopia,Post-emergency,,163,20,,100,20,28,804,48275,2019-08-01,,,,,,,,
3301327,2019-07-29,2019-09-01,450,Kule,Ethiopia,Post-emergency,,132,16,,100,12,85,541,42785,2019-08-01,,,,,,,,
3792660,2019-07-29,2019-09-01,534,"Mai Aini",Ethiopia,Post-emergency,,98,12,100,100,9,25,874,15742,2019-08-01,,,,,,,,
3375190,2019-07-29,2019-09-01,535,Melkadida,Ethiopia,Post-emergency,,141,21,,100,18,28,579,34784,2019-08-01,,,,,,,,
3294072,2019-07-29,2019-09-01,4015,Ngueyyiel,Ethiopia,Post-emergency,,135,12,,100,15,16,574,81576,2019-08-01,,,,,,,,
3301331,2019-07-29,2019-09-01,544,Okugo,Ethiopia,Post-emergency,,83,21,,100,16,,461,10159,2019-08-01,,,,,,,,
4794796,2019-07-29,2019-09-01,525,Sherkole,Ethiopia,Post-emergency,,84,23,100,100,6,7,505,10109,2019-08-01,,,,,,,,
3792659,2019-07-29,2019-09-01,529,Shimelba,Ethiopia,Post-emergency,,95,20,100,100,7,20,463,7421,2019-08-01,,,,,,,,
3301333,2019-07-29,2019-09-01,546,Tierkidi,Ethiopia,Post-emergency,,189,12,,100,15,248,1074,59113,2019-08-01,,,,,,,,
4795185,2019-07-29,2019-09-01,540,Tongo,Ethiopia,Post-emergency,,161,19,100,100,7,4,503,10074,2019-08-01,,,,,,,,
4795326,2019-07-29,2019-09-01,496,"Tsore Camp (Assosa)",Ethiopia,Post-emergency,,91,21,100,100,6,6,609,12186,2019-08-01,,,,,,,,
3944021,2019-07-29,2019-09-01,445,Arbat,Iraq,Post-emergency,,4,128,100,100,4,4,1817,9088,2019-08-01,,,,,,,,
3428217,2019-07-29,2019-09-01,446,Basirma,Iraq,Post-emergency,,5,127,100,100,5,4,858,2575,2019-08-01,,,,,,,,
3545829,2019-07-29,2019-09-01,442,Kawergosk,Iraq,Post-emergency,,4,97,100,100,4,4,946,7575,2019-08-01,,,,,,,,
3632555,2019-07-29,2019-09-01,444,Qushtapa,Iraq,Post-emergency,,5,94,100,100,4,4,896,8071,2019-08-01,,,,,,,,
3483827,2019-07-29,2019-09-01,427,Azraq,Jordan,Post-emergency,,119,62,,100,11,82,,35728,2019-08-01,,,,,,,,
4387628,2019-07-29,2019-09-01,517,Kakuma,Kenya,Post-emergency,,106,19,,81,17,,3719,189692,2019-08-01,,,,,,,,
4277602,2019-07-29,2019-09-01,313,Dzaleka,Malawi,Post-emergency,999,70,6,,,8,13,147,42161,2019-08-01,,,,,,,,
3266305,2019-07-29,2019-09-01,4306,"15 Avril","Republic of Congo",Post-emergency,200,,14,80,100,52,181,1334,4002,2019-08-01,,,,,,,,
3342469,2019-07-29,2019-09-01,686,"Ajoung Thok","South Sudan",Post-emergency,500,70,22,,81,7,,315,39154,2019-08-01,,,,,,,,
3342470,2019-07-29,2019-09-01,3886,Pamir,"South Sudan",Post-emergency,500,84,16,,79,10,,498,33865,2019-08-01,,,,,,,,
4053151,2019-07-29,2019-09-01,678,"Yusuf Batil","South Sudan",Post-emergency,250,89,26,,100,13,,498,45906,2019-08-01,,,,,,,,
3832502,2019-07-29,2019-09-01,334,Mukjar,Sudan,Post-emergency,,,,,,,,,,2019-08-01,,,,,,,,
3935523,2019-07-29,2019-09-01,552,Adjumani,Uganda,Post-emergency,0,,15,95,79,8,,1162,204557,2019-08-01,,,,,,,,
3523333,2019-07-29,2019-09-01,549,Imvepi,Uganda,Post-emergency,300,154,5,100,70,4,4,535,61017,2019-08-01,,,,,,,,
3300727,2019-07-29,2019-09-01,554,"Kyaka II",Uganda,Emergency,,,8,,,8,15,,103000,2019-08-01,,,,,,,,
3300755,2019-07-29,2019-09-01,558,Nakivale,Uganda,Post-emergency,876,564,18,,,5,17,341,86293,2019-08-01,,,,,,,,
3073452,2019-07-29,2019-09-01,454,"Nyumanzi Reception Centre",Uganda,Post-emergency,,,,,,,,,,2019-08-01,,,,,,,,
3300791,2019-07-29,2019-09-01,555,Oruchinga,Uganda,Post-emergency,472,617,22,82,100,10,12,891,8027,2019-08-01,,,,,,,,
3712618,2019-07-29,2019-09-01,548,"Rhino Camp",Uganda,Post-emergency,242,273,26,,88,7,16,817,110345,2019-08-01,,,,,,,,
3454820,2019-07-29,2019-09-01,4067,Mantapala,Zambia,Post-emergency,249,125,22,,,6,5,299,14950,2019-08-01,,,,,,,,
3523338,2019-07-01,2019-07-28,463,Auserd,Algeria,Post-emergency,,61,16,100,100,5,4,642,18638,2019-07-01,,,,,,,,
3523311,2019-07-01,2019-07-28,464,Boujdour,Algeria,Post-emergency,,,23,100,100,5,4,331,9601,2019-07-01,,,,,,,,
3523467,2019-07-01,2019-07-28,465,Dakhla,Algeria,Post-emergency,,49,35,,,5,4,374,10870,2019-07-01,,,,,,,,
3523459,2019-07-01,2019-07-28,466,Layounne,Algeria,Post-emergency,,,13,83,100,5,5,1275,25503,2019-07-01,,,,,,,,
3430910,2019-07-01,2019-07-28,467,Smara,Algeria,Post-emergency,,98,20,100,100,5,5,1493,25389,2019-07-01,,,,,,,,
2967854,2019-07-01,2019-07-28,569,Kutupalong,Bangladesh,Post-emergency,,,,,,,,,,2019-07-01,,,,,,,,
3069291,2019-07-01,2019-07-28,570,NayaparaRC,Bangladesh,Post-emergency,13,1,27,90,35,33,65,1625,26000,2019-07-01,,,,,,,,
3149816,2019-07-01,2019-07-28,610,Bwagiriza,Burundi,Post-emergency,,103,20,,,6,5,,9875,2019-07-01,,,,,,,,
3149818,2019-07-01,2019-07-28,607,Gasorgwe,Burundi,Post-emergency,,376,20,,,15,29,,7912,2019-07-01,,,,,,,,
3149817,2019-07-01,2019-07-28,611,Kavumu,Burundi,Post-emergency,,124,9,,,14,6,,18023,2019-07-01,,,,,,,,
3149820,2019-07-01,2019-07-28,609,Musasa,Burundi,Post-emergency,,98,14,,,36,48,,8487,2019-07-01,,,,,,,,
3260979,2019-07-01,2019-07-28,625,Minawao,Cameroon,Post-emergency,,,,,,,,,,2019-07-01,,,,,,,,
3260977,2019-07-01,2019-07-28,625,Minawao,Cameroon,Post-emergency,3,1,5,,94,25,27,714,58629,2019-07-01,,,,,,,,
3260974,2019-07-01,2019-07-28,625,Minawao,Cameroon,Post-emergency,3,1,14,,100,26,27,721,59124,2019-07-01,,,,,,,,
4052529,2019-07-01,2019-07-28,4285,Maicao,Colombia,Emergency,,,17,,,13,14,,350,2019-07-01,,,,,,,,
4188911,2019-07-01,2019-07-28,658,Mole,"Democratic Republic of the Congo",Post-emergency,2476,531,19,100,100,23,34,3714,14857,2019-07-01,,,,,,,,
3109413,2019-07-01,2019-07-28,538,"Adi Harush",Ethiopia,Post-emergency,,97,10,100,100,10,31,848,15279,2019-07-01,,,,,,,,
3109422,2019-07-01,2019-07-28,539,Aysaita,Ethiopia,Post-emergency,,145,17,100,100,26,59,3921,19605,2019-07-01,,,,,,,,
4790495,2019-07-01,2019-07-28,543,Bambasi,Ethiopia,Post-emergency,,50,18,100,100,5,7,1136,17041,2019-07-01,,,,,,,,
3109420,2019-07-01,2019-07-28,407,Barahle,Ethiopia,Post-emergency,,101,11,100,100,20,37,1332,17323,2019-07-01,,,,,,,,
3116828,2019-07-01,2019-07-28,533,Bokolmanyo,Ethiopia,Post-emergency,,130,15,,100,39,43,716,42981,2019-07-01,,,,,,,,
3116907,2019-07-01,2019-07-28,541,Buramino,Ethiopia,Post-emergency,,116,15,,100,43,73,1625,42271,2019-07-01,,,,,,,,
3116827,2019-07-01,2019-07-28,429,"Dollo Ado Transit Centre",Ethiopia,Emergency,,,6,,,83,208,,1665,2019-07-01,,,,,,,,
3068148,2019-07-01,2019-07-28,527,Fugnido,Ethiopia,Post-emergency,,67,19,,100,11,36,738,39876,2019-07-01,,,,,,,,
3068146,2019-07-01,2019-07-28,497,"Fugnido 2",Ethiopia,Post-emergency,,47,19,,100,11,17,435,8715,2019-07-01,,,,,,,,
4794795,2019-07-01,2019-07-28,3973,Gure-Shembola,Ethiopia,Post-emergency,,88,23,100,100,10,14,563,5630,2019-07-01,,,,,,,,
3116906,2019-07-01,2019-07-28,537,Hilaweyn,Ethiopia,Post-emergency,,148,17,,100,50,24,1671,51807,2019-07-01,,,,,,,,
3109419,2019-07-01,2019-07-28,435,Hitsats,Ethiopia,Post-emergency,,107,12,100,100,11,11,679,13588,2019-07-01,,,,,,,,
3068143,2019-07-01,2019-07-28,494,Jewi,Ethiopia,Post-emergency,,117,17,,100,9,26,892,53538,2019-07-01,,,,,,,,
3116905,2019-07-01,2019-07-28,536,Kobe,Ethiopia,Post-emergency,,163,20,,100,20,28,804,48275,2019-07-01,,,,,,,,
3068142,2019-07-01,2019-07-28,450,Kule,Ethiopia,Post-emergency,,131,15,,100,12,26,539,42587,2019-07-01,,,,,,,,
3109417,2019-07-01,2019-07-28,534,"Mai Aini",Ethiopia,Post-emergency,,97,11,100,100,9,0,,15742,2019-07-01,,,,,,,,
3116904,2019-07-01,2019-07-28,535,Melkadida,Ethiopia,Post-emergency,,141,20,,100,18,28,579,34784,2019-07-01,,,,,,,,
3067812,2019-07-01,2019-07-28,4015,Ngueyyiel,Ethiopia,Post-emergency,,135,11,,100,15,16,479,81091,2019-07-01,,,,,,,,
3068139,2019-07-01,2019-07-28,544,Okugo,Ethiopia,Post-emergency,,81,21,,100,16,,451,9929,2019-07-01,,,,,,,,
4186936,2019-07-01,2019-07-28,525,Sherkole,Ethiopia,Post-emergency,,80,18,100,100,7,7,505,10109,2019-07-01,,,,,,,,
3109418,2019-07-01,2019-07-28,529,Shimelba,Ethiopia,Post-emergency,,95,24,100,100,7,20,463,7421,2019-07-01,,,,,,,,
3068152,2019-07-01,2019-07-28,546,Tierkidi,Ethiopia,Post-emergency,,186,14,,100,15,244,1058,58242,2019-07-01,,,,,,,,
4789840,2019-07-01,2019-07-28,540,Tongo,Ethiopia,Post-emergency,,161,18,100,100,8,4,503,10074,2019-07-01,,,,,,,,
4794794,2019-07-01,2019-07-28,496,"Tsore Camp (Assosa)",Ethiopia,Post-emergency,,87,20,100,100,6,6,609,12186,2019-07-01,,,,,,,,
3260911,2019-07-01,2019-07-28,446,Basirma,Iraq,Post-emergency,,,122,100,100,5,4,878,2635,2019-07-01,,,,,,,,
3192688,2019-07-01,2019-07-28,442,Kawergosk,Iraq,Post-emergency,,,124,100,100,4,4,947,7582,2019-07-01,,,,,,,,
3257444,2019-07-01,2019-07-28,444,Qushtapa,Iraq,Post-emergency,,4,109,100,100,4,4,1001,8013,2019-07-01,,,,,,,,
3071836,2019-07-01,2019-07-28,518,Dagahaley,Kenya,Post-emergency,,91,27,69,99,7,,1894,75764,2019-07-01,,,,,,,,
3073906,2019-07-01,2019-07-28,519,Hagadera,Kenya,Post-emergency,,95,22,66,100,5,,1987,79511,2019-07-01,,,,,,,,
3073908,2019-07-01,2019-07-28,520,Ifo,Kenya,Post-emergency,,62,32,66,98,7,,1792,71695,2019-07-01,,,,,,,,
4387627,2019-07-01,2019-07-28,517,Kakuma,Kenya,Post-emergency,,105,19,,84,16,,4665,186622,2019-07-01,,,,,,,,
3117196,2019-07-01,2019-07-28,313,Dzaleka,Malawi,Post-emergency,925,69,7,,0,7,13,135,41110,2019-07-01,,,,,,,,
2362411,2019-07-01,2019-07-28,699,Beldangi,Nepal,Post-emergency,186,20,32,,,,,,5806,2019-07-01,,,,,,,,
3349978,2019-07-01,2019-07-28,4251,Adagom,Nigeria,Post-emergency,,,0,,,72,,,9233,2019-07-01,,,,,,,,
2949990,2019-07-01,2019-07-28,723,Malgagai,Pakistan,Post-emergency,8196,,0,,,10,,,8188,2019-07-01,,,,,,,,
3040419,2019-07-01,2019-07-28,4306,"15 Avril","Republic of Congo",Post-emergency,202,,0,,100,49,,1921,3843,2019-07-01,,,,,,,,
3095057,2019-07-01,2019-07-28,626,Gihembe,Rwanda,Post-emergency,,56,18,,100,19,130,90,12569,2019-07-01,,,,,,,,
3094850,2019-07-01,2019-07-28,629,Kigeme,Rwanda,Post-emergency,,185,12,,,39,128,945,20793,2019-07-01,,,,,,,,
3094841,2019-07-01,2019-07-28,627,Kiziba,Rwanda,Post-emergency,,50,20,100,0,43,173,76,17008,2019-07-01,,,,,,,,
3095051,2019-07-01,2019-07-28,631,Mahama,Rwanda,Post-emergency,,77,19,100,100,17,17,509,61191,2019-07-01,,,,,,,,
3094960,2019-07-01,2019-07-28,630,Mugombwa,Rwanda,Post-emergency,,86,20,,100,24,38,872,10474,2019-07-01,,,,,,,,
3094845,2019-07-01,2019-07-28,628,Nyabiheke,Rwanda,Post-emergency,,96,16,,92,20,125,113,14303,2019-07-01,,,,,,,,
3272103,2019-07-01,2019-07-28,686,"Ajoung Thok","South Sudan",Post-emergency,15,1,24,,89,7,,321,38862,2019-07-01,,,,,,,,
3272102,2019-07-01,2019-07-28,3886,Pamir,"South Sudan",Post-emergency,13,1,17,,80,11,,494,33633,2019-07-01,,,,,,,,
3081875,2019-07-01,2019-07-28,549,Imvepi,Uganda,Post-emergency,5,1,20,50,68,4,4,515,59789,2019-07-01,,,,,,,,
3300728,2019-07-01,2019-07-28,554,"Kyaka II",Uganda,Emergency,,,8,,,8,14,,95185,2019-07-01,,,,,,,,
3040779,2019-07-01,2019-07-28,558,Nakivale,Uganda,Post-emergency,3303,,18,,,6,11,9911,89207,2019-07-01,,,,,,,,
3040925,2019-07-01,2019-07-28,555,Oruchinga,Uganda,Post-emergency,427,559,24,94,100,9,11,2424,7272,2019-07-01,,,,,,,,
3292461,2019-07-01,2019-07-28,551,Palorinya,Uganda,Post-emergency,1,2,18,100,,8,,666,120638,2019-07-01,,,,,,,,
3082798,2019-07-01,2019-07-28,548,"Rhino Camp",Uganda,Post-emergency,5,1,20,60,10,8,17,805,109556,2019-07-01,,,,,,,,
4188856,2019-07-01,2019-07-28,559,Rwamwanja,Uganda,Post-emergency,889,985,12,99,8,6,8,381,69372,2019-07-01,,,,,,,,
3523337,2019-06-03,2019-06-30,463,Auserd,Algeria,Post-emergency,,61,7,100,100,5,4,642,18638,2019-06-01,,,,,,,,
3523310,2019-06-03,2019-06-30,464,Boujdour,Algeria,Post-emergency,,,24,100,100,5,4,331,9601,2019-06-01,,,,,,,,
3523466,2019-06-03,2019-06-30,465,Dakhla,Algeria,Post-emergency,,49,43,,,5,4,374,10870,2019-06-01,,,,,,,,
3523458,2019-06-03,2019-06-30,466,Layounne,Algeria,Post-emergency,,,15,100,100,5,5,1275,25503,2019-06-01,,,,,,,,
3430909,2019-06-03,2019-06-30,467,Smara,Algeria,Post-emergency,,98,20,100,100,5,5,1493,25389,2019-06-01,,,,,,,,
4052528,2019-06-03,2019-06-30,4285,Maicao,Colombia,Emergency,,,17,,,12,14,,350,2019-06-01,,,,,,,,
3145062,2019-06-03,2019-06-30,491,"- Camp de refugies de Lusenda","Democratic Republic of the Congo",Post-emergency,,98,20,,27,16,23,1027,29799,2019-06-01,,,,,,,,
4190667,2019-06-03,2019-06-30,486,Bili,"Democratic Republic of the Congo",Post-emergency,4771,1193,5,,,9,16,2385,9542,2019-06-01,,,,,,,,
4188908,2019-06-03,2019-06-30,660,Boyabo,"Democratic Republic of the Congo",Post-emergency,614,,19,100,,29,35,4295,17182,2019-06-01,,,,,,,,
4188861,2019-06-03,2019-06-30,657,Inke,"Democratic Republic of the Congo",Post-emergency,669,,17,,,32,45,4513,18054,2019-06-01,,,,,,,,
4188910,2019-06-03,2019-06-30,658,Mole,"Democratic Republic of the Congo",Post-emergency,2476,531,19,100,100,23,34,3714,14857,2019-06-01,,,,,,,,
3145064,2019-06-03,2019-06-30,4246,"Mulongué (Baraka)","Democratic Republic of the Congo",Post-emergency,3,1,12,,32,8,8,515,7221,2019-06-01,,,,,,,,
2543399,2019-06-03,2019-06-30,538,"Adi Harush",Ethiopia,Post-emergency,,79,13,100,100,10,31,898,15279,2019-06-01,,,,,,,,
2536325,2019-06-03,2019-06-30,531,Awbarre,Ethiopia,,,,,,,,,,,2019-06-01,,,,,,,,
2536297,2019-06-03,2019-06-30,531,Awbarre,Ethiopia,Post-emergency,,99,22,,33,21,,2230,11151,2019-06-01,,,,,,,,
3079392,2019-06-03,2019-06-30,539,Aysaita,Ethiopia,Post-emergency,,,35,100,100,27,64,3940,19701,2019-06-01,,,,,,,,
2541821,2019-06-03,2019-06-30,543,Bambasi,Ethiopia,Post-emergency,,51,15,100,100,6,6,1167,17516,2019-06-01,,,,,,,,
3079391,2019-06-03,2019-06-30,407,Barahle,Ethiopia,Post-emergency,,99,8,100,100,20,37,1332,17323,2019-06-01,,,,,,,,
2556596,2019-06-03,2019-06-30,533,Bokolmanyo,Ethiopia,Post-emergency,,130,17,,100,39,43,716,42981,2019-06-01,,,,,,,,
2558697,2019-06-03,2019-06-30,541,Buramino,Ethiopia,Post-emergency,,116,13,,100,43,73,1625,42271,2019-06-01,,,,,,,,
2559796,2019-06-03,2019-06-30,429,"Dollo Ado Transit Centre",Ethiopia,Emergency,,,25,,,19,49,,394,2019-06-01,,,,,,,,
2599168,2019-06-03,2019-06-30,527,Fugnido,Ethiopia,Post-emergency,,67,19,0,100,11,36,730,39472,2019-06-01,,,,,,,,
2599199,2019-06-03,2019-06-30,497,"Fugnido 2",Ethiopia,Post-emergency,,46,20,,100,11,17,431,8625,2019-06-01,,,,,,,,
2541823,2019-06-03,2019-06-30,3973,Gure-Shembola,Ethiopia,Post-emergency,,108,12,100,100,13,18,1032,7229,2019-06-01,,,,,,,,
2558692,2019-06-03,2019-06-30,537,Hilaweyn,Ethiopia,Post-emergency,,148,17,,100,50,24,1671,51807,2019-06-01,,,,,,,,
2543395,2019-06-03,2019-06-30,435,Hitsats,Ethiopia,Post-emergency,,98,10,100,100,10,11,754,13588,2019-06-01,,,,,,,,
2599165,2019-06-03,2019-06-30,494,Jewi,Ethiopia,Post-emergency,,112,18,,100,9,25,856,51409,2019-06-01,,,,,,,,
2524752,2019-06-03,2019-06-30,530,Kebribeyah,Ethiopia,Post-emergency,,630,12,,50,8,,2809,14047,2019-06-01,,,,,,,,
2558357,2019-06-03,2019-06-30,536,Kobe,Ethiopia,Post-emergency,,163,19,,100,20,28,804,48275,2019-06-01,,,,,,,,
2599163,2019-06-03,2019-06-30,450,Kule,Ethiopia,Post-emergency,,130,18,,100,12,26,535,42313,2019-06-01,,,,,,,,
2543398,2019-06-03,2019-06-30,534,"Mai Aini",Ethiopia,Post-emergency,,97,14,100,100,9,25,828,15742,2019-06-01,,,,,,,,
2557593,2019-06-03,2019-06-30,535,Melkadida,Ethiopia,Post-emergency,,141,20,,100,18,28,579,34784,2019-06-01,,,,,,,,
2599170,2019-06-03,2019-06-30,4015,Ngueyyiel,Ethiopia,Post-emergency,,134,11,,100,16,16,475,80781,2019-06-01,,,,,,,,
2599189,2019-06-03,2019-06-30,544,Okugo,Ethiopia,Post-emergency,,73,20,,100,27,,442,9735,2019-06-01,,,,,,,,
2536326,2019-06-03,2019-06-30,532,Sheder,Ethiopia,Post-emergency,,86,6,,17,12,,2000,10002,2019-06-01,,,,,,,,
2541816,2019-06-03,2019-06-30,525,Sherkole,Ethiopia,Post-emergency,,90,20,100,100,7,7,550,11017,2019-06-01,,,,,,,,
2543396,2019-06-03,2019-06-30,529,Shimelba,Ethiopia,Post-emergency,,95,18,100,100,6,20,463,7421,2019-06-01,,,,,,,,
2599172,2019-06-03,2019-06-30,546,Tierkidi,Ethiopia,Post-emergency,,163,12,,100,13,213,925,50877,2019-06-01,,,,,,,,
2541818,2019-06-03,2019-06-30,540,Tongo,Ethiopia,Post-emergency,,176,18,100,100,9,5,610,12219,2019-06-01,,,,,,,,
2541822,2019-06-03,2019-06-30,496,"Tsore Camp (Assosa)",Ethiopia,Post-emergency,,43,21,100,100,7,7,653,13076,2019-06-01,,,,,,,,
2360515,2019-06-03,2019-06-30,445,Arbat,Iraq,Post-emergency,,4,124,100,100,4,4,1801,9005,2019-06-01,,,,,,,,
3258371,2019-06-03,2019-06-30,446,Basirma,Iraq,Post-emergency,,,113,100,100,5,4,882,2647,2019-06-01,,,,,,,,
3192685,2019-06-03,2019-06-30,442,Kawergosk,Iraq,Post-emergency,,4,119,100,100,4,4,947,7577,2019-06-01,,,,,,,,
3159704,2019-06-03,2019-06-30,444,Qushtapa,Iraq,Post-emergency,,4,110,100,100,4,4,993,7950,2019-06-01,,,,,,,,
3073911,2019-06-03,2019-06-30,518,Dagahaley,Kenya,Post-emergency,,90,27,72,100,7,,1885,75415,2019-06-01,,,,,,,,
3073913,2019-06-03,2019-06-30,519,Hagadera,Kenya,Post-emergency,,95,23,59,100,5,,1989,79560,2019-06-01,,,,,,,,
3073932,2019-06-03,2019-06-30,520,Ifo,Kenya,Post-emergency,,61,29,72,100,7,,1769,70799,2019-06-01,,,,,,,,
4387619,2019-06-03,2019-06-30,517,Kakuma,Kenya,Post-emergency,,106,19,,100,16,,3659,186622,2019-06-01,,,,,,,,
2558351,2019-06-03,2019-06-30,313,Dzaleka,Malawi,Post-emergency,1,10,7,,,7,13,130,39770,2019-06-01,,,,,,,,
3349977,2019-06-03,2019-06-30,4251,Adagom,Nigeria,Post-emergency,,,0,,100,72,,,9198,2019-06-01,,,,,,,,
2876579,2019-06-03,2019-06-30,4308,Bouemba,"Republic of Congo",Emergency,,,14,,,20,20,,1358,2019-06-01,,,,,,,,
2876584,2019-06-03,2019-06-30,4307,Ikpembele,"Republic of Congo",Post-emergency,312,,12,,73,110,94,,1316,2019-06-01,,,,,,,,
3095056,2019-06-03,2019-06-30,626,Gihembe,Rwanda,Post-emergency,,58,20,,100,20,134,99,12957,2019-06-01,,,,,,,,
3094853,2019-06-03,2019-06-30,629,Kigeme,Rwanda,Post-emergency,,187,12,100,100,39,129,955,21030,2019-06-01,,,,,,,,
3094844,2019-06-03,2019-06-30,627,Kiziba,Rwanda,Post-emergency,,50,20,,67,43,174,76,17055,2019-06-01,,,,,,,,
3095050,2019-06-03,2019-06-30,631,Mahama,Rwanda,Post-emergency,,76,19,100,100,17,17,504,60504,2019-06-01,,,,,,,,
3094962,2019-06-03,2019-06-30,630,Mugombwa,Rwanda,Post-emergency,,86,20,,100,24,38,869,10435,2019-06-01,,,,,,,,
3094847,2019-06-03,2019-06-30,628,Nyabiheke,Rwanda,Post-emergency,,96,16,,98,20,125,113,14289,2019-06-01,,,,,,,,
2371301,2019-06-03,2019-06-30,686,"Ajoung Thok","South Sudan",Post-emergency,11,1,25,,86,7,,319,38640,2019-06-01,,,,,,,,
2561314,2019-06-03,2019-06-30,680,Doro,"South Sudan",Post-emergency,14,1,19,,100,16,,503,60916,2019-06-01,,,,,,,,
2601894,2019-06-03,2019-06-30,680,Doro,"South Sudan",Post-emergency,14,1,21,,100,16,,503,60916,2019-06-01,,,,,,,,
2601897,2019-06-03,2019-06-30,681,Gendrassa,"South Sudan",Post-emergency,250,103,25,,100,8,,501,17535,2019-06-01,,,,,,,,
2561362,2019-06-03,2019-06-30,681,Gendrassa,"South Sudan",Post-emergency,4,1,21,,100,8,,501,17535,2019-06-01,,,,,,,,
2561364,2019-06-03,2019-06-30,682,Kaya,"South Sudan",Post-emergency,,1,33,,100,13,,505,23238,2019-06-01,,,,,,,,
3272098,2019-06-03,2019-06-30,3886,Pamir,"South Sudan",Post-emergency,13,1,17,,71,11,,492,33483,2019-06-01,,,,,,,,
2561310,2019-06-03,2019-06-30,678,"Yusuf Batil","South Sudan",Post-emergency,26,1,26,,100,13,,497,45763,2019-06-01,,,,,,,,
2601863,2019-06-03,2019-06-30,678,"Yusuf Batil","South Sudan",Post-emergency,26,1,21,,100,13,,502,45763,2019-06-01,,,,,,,,
2540289,2019-06-03,2019-06-30,557,Ikafe,Uganda,Post-emergency,1850,194,17,,100,8,8,888,223939,2019-06-01,,,,,,,,
2367825,2019-06-03,2019-06-30,554,"Kyaka II",Uganda,Emergency,,,8,,,8,14,,94567,2019-06-01,,,,,,,,
2385046,2019-06-03,2019-06-30,558,Nakivale,Uganda,Post-emergency,3303,825,17,89,98,6,11,9911,89207,2019-06-01,,,,,,,,
2500026,2019-06-03,2019-06-30,555,Oruchinga,Uganda,Post-emergency,472,617,22,94,100,10,13,891,8027,2019-06-01,,,,,,,,
2845364,2019-06-03,2019-06-30,551,Palorinya,Uganda,Post-emergency,1,2,8,,,8,7,656,118773,2019-06-01,,,,,,,,
4188858,2019-06-03,2019-06-30,559,Rwamwanja,Uganda,Post-emergency,900,973,12,99,8,6,8,376,68492,2019-06-01,,,,,,,,
2569486,2019-06-03,2019-06-30,365,Tongogara,Zimbabwe,Emergency,,,11,,,8,,,13009,2019-06-01,,,,,,,,
3523336,2019-04-29,2019-06-02,463,Auserd,Algeria,Post-emergency,,61,17,100,100,5,4,642,18638,2019-05-01,,,,,,,,
3523309,2019-04-29,2019-06-02,464,Boujdour,Algeria,Post-emergency,,,23,100,100,5,4,331,9601,2019-05-01,,,,,,,,
3523465,2019-04-29,2019-06-02,465,Dakhla,Algeria,Post-emergency,,49,37,100,100,5,4,374,10870,2019-05-01,,,,,,,,
3523457,2019-04-29,2019-06-02,466,Layounne,Algeria,Post-emergency,,,12,100,100,5,5,1275,25503,2019-05-01,,,,,,,,
3430908,2019-04-29,2019-06-02,467,Smara,Algeria,Post-emergency,,98,10,100,100,5,5,1493,25389,2019-05-01,,,,,,,,
3264673,2019-04-29,2019-06-02,625,Minawao,Cameroon,Post-emergency,3,1,5,82,100,26,27,711,58315,2019-05-01,,,,,,,,
3266277,2019-04-29,2019-06-02,625,Minawao,Cameroon,Post-emergency,3,1,11,,41,26,27,711,58315,2019-05-01,,,,,,,,
3270162,2019-04-29,2019-06-02,625,Minawao,Cameroon,Post-emergency,3,1,10,,67,26,27,711,58315,2019-05-01,,,,,,,,
4052527,2019-04-29,2019-06-02,4285,Maicao,Colombia,Emergency,,,14,,,12,14,,350,2019-05-01,,,,,,,,
3114916,2019-04-29,2019-06-02,491,"- Camp de refugies de Lusenda","Democratic Republic of the Congo",Post-emergency,,98,21,,27,16,23,1021,29609,2019-05-01,,,,,,,,
4190666,2019-04-29,2019-06-02,486,Bili,"Democratic Republic of the Congo",Post-emergency,4771,1193,6,,,9,16,2385,9542,2019-05-01,,,,,,,,
4188907,2019-04-29,2019-06-02,660,Boyabo,"Democratic Republic of the Congo",Post-emergency,614,,19,100,,29,35,4295,17182,2019-05-01,,,,,,,,
4188852,2019-04-29,2019-06-02,657,Inke,"Democratic Republic of the Congo",Post-emergency,901,,13,,,31,45,4507,18029,2019-05-01,,,,,,,,
4188909,2019-04-29,2019-06-02,658,Mole,"Democratic Republic of the Congo",Post-emergency,4952,531,13,100,100,23,34,3714,14857,2019-05-01,,,,,,,,
3145063,2019-04-29,2019-06-02,4246,"Mulongué (Baraka)","Democratic Republic of the Congo",Post-emergency,3,1,13,,28,7,8,485,6791,2019-05-01,,,,,,,,
2543389,2019-04-29,2019-06-02,538,"Adi Harush",Ethiopia,Post-emergency,,88,15,100,100,11,35,850,17000,2019-05-01,,,,,,,,
2536340,2019-04-29,2019-06-02,531,Awbarre,Ethiopia,Post-emergency,,104,20,,50,22,,2378,11894,2019-05-01,,,,,,,,
3079388,2019-04-29,2019-06-02,539,Aysaita,Ethiopia,Post-emergency,,141,17,100,100,26,67,3810,19050,2019-05-01,,,,,,,,
2541812,2019-04-29,2019-06-02,543,Bambasi,Ethiopia,Post-emergency,,,15,,100,6,6,1167,17516,2019-05-01,,,,,,,,
3079386,2019-04-29,2019-06-02,407,Barahle,Ethiopia,Post-emergency,,99,8,100,100,20,37,1154,17323,2019-05-01,,,,,,,,
2556597,2019-04-29,2019-06-02,533,Bokolmanyo,Ethiopia,Post-emergency,,130,17,,100,39,43,716,42981,2019-05-01,,,,,,,,
2558696,2019-04-29,2019-06-02,541,Buramino,Ethiopia,Post-emergency,,116,13,,100,43,73,1625,42271,2019-05-01,,,,,,,,
2559795,2019-04-29,2019-06-02,429,"Dollo Ado Transit Centre",Ethiopia,Emergency,,,18,,,27,69,,554,2019-05-01,,,,,,,,
2304745,2019-04-29,2019-06-02,527,Fugnido,Ethiopia,Post-emergency,,67,19,,100,11,36,730,39472,2019-05-01,,,,,,,,
2304747,2019-04-29,2019-06-02,497,"Fugnido 2",Ethiopia,Post-emergency,,46,20,,100,11,6,431,8625,2019-05-01,,,,,,,,
2541815,2019-04-29,2019-06-02,3973,Gure-Shembola,Ethiopia,Post-emergency,,936,17,100,100,11,18,803,7229,2019-05-01,,,,,,,,
2558691,2019-04-29,2019-06-02,537,Hilaweyn,Ethiopia,Post-emergency,,148,17,,100,50,24,1671,51807,2019-05-01,,,,,,,,
2543386,2019-04-29,2019-06-02,435,Hitsats,Ethiopia,Post-emergency,,98,8,100,100,10,10,681,13637,2019-05-01,,,,,,,,
2295189,2019-04-29,2019-06-02,494,Jewi,Ethiopia,Post-emergency,,112,18,,100,9,25,856,51409,2019-05-01,,,,,,,,
2558356,2019-04-29,2019-06-02,536,Kobe,Ethiopia,Post-emergency,,163,17,,100,20,28,804,48275,2019-05-01,,,,,,,,
2543388,2019-04-29,2019-06-02,534,"Mai Aini",Ethiopia,Post-emergency,,93,16,100,100,9,25,749,15742,2019-05-01,,,,,,,,
2557500,2019-04-29,2019-06-02,535,Melkadida,Ethiopia,Post-emergency,,142,21,,100,17,28,579,34784,2019-05-01,,,,,,,,
2295191,2019-04-29,2019-06-02,4015,Ngueyyiel,Ethiopia,Post-emergency,,,10,,100,16,16,475,80781,2019-05-01,,,,,,,,
2295193,2019-04-29,2019-06-02,544,Okugo,Ethiopia,Post-emergency,,73,20,,100,27,,442,9735,2019-05-01,,,,,,,,
2536511,2019-04-29,2019-06-02,532,Sheder,Ethiopia,Post-emergency,,90,20,,29,14,,2178,10893,2019-05-01,,,,,,,,
2541809,2019-04-29,2019-06-02,525,Sherkole,Ethiopia,Post-emergency,,93,23,100,100,7,5,612,11017,2019-05-01,,,,,,,,
2543387,2019-04-29,2019-06-02,529,Shimelba,Ethiopia,Post-emergency,,95,20,100,100,6,20,463,7421,2019-05-01,,,,,,,,
2295196,2019-04-29,2019-06-02,546,Tierkidi,Ethiopia,Post-emergency,,146,11,,100,13,213,942,50877,2019-05-01,,,,,,,,
2541810,2019-04-29,2019-06-02,540,Tongo,Ethiopia,Post-emergency,,176,16,100,100,9,5,939,12219,2019-05-01,,,,,,,,
2541813,2019-04-29,2019-06-02,496,"Tsore Camp (Assosa)",Ethiopia,Post-emergency,,96,21,100,100,7,7,653,13076,2019-05-01,,,,,,,,
2399675,2019-04-29,2019-06-02,445,Arbat,Iraq,Post-emergency,,4,110,100,100,4,4,,9000,2019-05-01,,,,,,,,
2825586,2019-04-29,2019-06-02,446,Basirma,Iraq,Post-emergency,,5,90,100,100,5,4,952,2857,2019-05-01,,,,,,,,
2602183,2019-04-29,2019-06-02,442,Kawergosk,Iraq,Post-emergency,,4,93,100,100,4,4,979,7839,2019-05-01,,,,,,,,
2825483,2019-04-29,2019-06-02,444,Qushtapa,Iraq,Post-emergency,,4,75,100,100,4,4,909,8186,2019-05-01,,,,,,,,
3074062,2019-04-29,2019-06-02,518,Dagahaley,Kenya,Post-emergency,,91,26,75,100,7,,1894,75785,2019-05-01,,,,,,,,
3074063,2019-04-29,2019-06-02,519,Hagadera,Kenya,Post-emergency,,95,26,70,100,5,,1998,79957,2019-05-01,,,,,,,,
3074064,2019-04-29,2019-06-02,520,Ifo,Kenya,Post-emergency,,61,33,69,100,7,,1775,71009,2019-05-01,,,,,,,,
4387618,2019-04-29,2019-06-02,517,Kakuma,Kenya,Post-emergency,,106,21,,83,16,,4665,186622,2019-05-01,,,,,,,,
1679275,2019-04-29,2019-06-02,313,Dzaleka,Malawi,Post-emergency,1,10,7,39,,7,12,128,39096,2019-05-01,,,,,,,,
3095055,2019-04-29,2019-06-02,626,Gihembe,Rwanda,Post-emergency,,58,19,,100,19,134,99,12928,2019-05-01,,,,,,,,
3094985,2019-04-29,2019-06-02,631,Mahama,Rwanda,Post-emergency,,76,20,100,100,17,17,501,60233,2019-05-01,,,,,,,,
3100222,2019-04-29,2019-06-02,630,Mugombwa,Rwanda,Post-emergency,,86,20,,87,24,38,868,10426,2019-05-01,,,,,,,,
3094849,2019-04-29,2019-06-02,628,Nyabiheke,Rwanda,Post-emergency,,96,16,,98,22,125,113,14351,2019-05-01,,,,,,,,
2371293,2019-04-29,2019-06-02,686,"Ajoung Thok","South Sudan",Post-emergency,10,1,29,,80,7,,317,38391,2019-05-01,,,,,,,,
2366164,2019-04-29,2019-06-02,3886,Pamir,"South Sudan",Post-emergency,13,1,25,,86,11,,483,32844,2019-05-01,,,,,,,,
2542242,2019-04-29,2019-06-02,557,Ikafe,Uganda,Post-emergency,1947,194,16,100,100,8,8,888,223939,2019-05-01,,,,,,,,
1837756,2019-04-29,2019-06-02,554,"Kyaka II",Uganda,Emergency,,,8,,,8,14,,92545,2019-05-01,,,,,,,,
1690078,2019-04-29,2019-06-02,558,Nakivale,Uganda,Post-emergency,2973,825,17,89,98,4,18,352,89207,2019-05-01,,,,,,,,
2569468,2019-04-29,2019-06-02,365,Tongogara,Zimbabwe,Emergency,,,11,,,8,,,12990,2019-05-01,,,,,,,,
3523335,2019-04-01,2019-04-28,463,Auserd,Algeria,Post-emergency,,61,14,100,100,5,4,642,18638,2019-04-01,,,,,,,,
3523308,2019-04-01,2019-04-28,464,Boujdour,Algeria,Post-emergency,,,26,100,100,5,4,331,9601,2019-04-01,,,,,,,,
3523464,2019-04-01,2019-04-28,465,Dakhla,Algeria,Post-emergency,,49,43,100,100,5,4,374,10870,2019-04-01,,,,,,,,
3523456,2019-04-01,2019-04-28,466,Layounne,Algeria,Post-emergency,,,13,100,100,5,5,1275,25503,2019-04-01,,,,,,,,
3430907,2019-04-01,2019-04-28,467,Smara,Algeria,Post-emergency,,98,9,100,100,5,5,1493,25389,2019-04-01,,,,,,,,
1423070,2019-04-01,2019-04-28,451,Gado,Cameroon,Post-emergency,780,,0,,75,39,,,25772,2019-04-01,,,,,,,,
3270161,2019-04-01,2019-04-28,625,Minawao,Cameroon,Post-emergency,3,1,10,,40,27,28,705,57882,2019-04-01,,,,,,,,
2149430,2019-04-01,2019-04-28,572,Amboko,Chad,Post-emergency,618,,25,94,89,6,6,1855,11134,2019-04-01,,,,,,,,
2149437,2019-04-01,2019-04-28,573,Amnabak,Chad,Post-emergency,3821,224,9,100,100,17,17,4585,22929,2019-04-01,,,,,,,,
2241632,2019-04-01,2019-04-28,4284,Beakoro,Chad,Post-emergency,817,,14,100,,26,38,,1634,2019-04-01,,,,,,,,
2241627,2019-04-01,2019-04-28,4282,Bekan,Chad,Post-emergency,675,,17,88,,20,25,5407,5407,2019-04-01,,,,,,,,
2238807,2019-04-01,2019-04-28,4277,Bekourou,Chad,Post-emergency,481,,24,100,,20,26,722,1444,2019-04-01,,,,,,,,
2237422,2019-04-01,2019-04-28,600,Belom,Chad,Post-emergency,538,,29,95,,6,6,2573,23157,2019-04-01,,,,,,,,
2149439,2019-04-01,2019-04-28,574,Bredjing,Chad,Post-emergency,,269,14,100,100,11,5,4036,48439,2019-04-01,,,,,,,,
2149429,2019-04-01,2019-04-28,484,"Dar Es Salam",Chad,Post-emergency,472,,25,96,92,24,26,2047,12287,2019-04-01,,,,,,,,
2238805,2019-04-01,2019-04-28,4275,Dembo,Chad,Post-emergency,1055,,11,100,,37,59,1583,3167,2019-04-01,,,,,,,,
2240241,2019-04-01,2019-04-28,4280,Diba,Chad,Post-emergency,894,,13,100,,31,45,1789,3578,2019-04-01,,,,,,,,
2238857,2019-04-01,2019-04-28,4279,Dilingala,Chad,Post-emergency,465,,25,100,,17,25,1164,2329,2019-04-01,,,,,,,,
2149995,2019-04-01,2019-04-28,575,Djabal,Chad,Post-emergency,,69,19,100,100,10,10,3343,23407,2019-04-01,,,,,,,,
2063500,2019-04-01,2019-04-28,483,Doholo,Chad,Post-emergency,620,,27,100,91,6,5,1137,6822,2019-04-01,,,,,,,,
2149996,2019-04-01,2019-04-28,576,Dosseye,Chad,Post-emergency,439,,35,95,92,6,5,2710,16262,2019-04-01,,,,,,,,
2149997,2019-04-01,2019-04-28,577,Farchana,Chad,Post-emergency,,557,14,100,100,8,7,4298,30088,2019-04-01,,,,,,,,
2149999,2019-04-01,2019-04-28,578,Gaga,Chad,Post-emergency,,229,15,100,100,8,7,3743,26206,2019-04-01,,,,,,,,
2238815,2019-04-01,2019-04-28,4278,Gon,Chad,Post-emergency,471,,25,100,,16,22,1884,1884,2019-04-01,,,,,,,,
2150018,2019-04-01,2019-04-28,579,Gondje,Chad,Post-emergency,418,,37,91,91,7,7,1533,9199,2019-04-01,,,,,,,,
2150019,2019-04-01,2019-04-28,580,"Goz Amer",Chad,Post-emergency,676,,20,91,91,9,8,4483,35866,2019-04-01,,,,,,,,
2231167,2019-04-01,2019-04-28,581,Iridimi,Chad,Post-emergency,,179,14,100,100,12,12,3417,20503,2019-04-01,,,,,,,,
2063181,2019-04-01,2019-04-28,482,Kerfi,Chad,Post-emergency,222,,40,100,100,6,5,445,1335,2019-04-01,,,,,,,,
2231168,2019-04-01,2019-04-28,582,Kounoungou,Chad,Post-emergency,,221,14,100,100,12,12,3245,19473,2019-04-01,,,,,,,,
2231433,2019-04-01,2019-04-28,583,Mile,Chad,Post-emergency,,266,15,100,100,14,14,3461,20768,2019-04-01,,,,,,,,
2233057,2019-04-01,2019-04-28,599,Moyo,Chad,Post-emergency,383,,41,91,86,6,5,1404,8428,2019-04-01,,,,,,,,
2231434,2019-04-01,2019-04-28,584,"Oure Cassoni",Chad,Post-emergency,,169,15,100,100,8,8,3044,30449,2019-04-01,,,,,,,,
2238806,2019-04-01,2019-04-28,4276,Silambi,Chad,Post-emergency,456,,26,100,,23,36,913,913,2019-04-01,,,,,,,,
2231550,2019-04-01,2019-04-28,585,Touloum,Chad,Post-emergency,,223,14,100,100,14,14,,25515,2019-04-01,,,,,,,,
2231673,2019-04-01,2019-04-28,586,Treguine,Chad,Post-emergency,945,,13,96,93,7,7,2553,25539,2019-04-01,,,,,,,,
2241626,2019-04-01,2019-04-28,4281,Vom,Chad,Post-emergency,404,,29,100,,13,18,1214,1214,2019-04-01,,,,,,,,
4190665,2019-04-01,2019-04-28,486,Bili,"Democratic Republic of the Congo",Post-emergency,4707,1177,7,,,9,16,2353,9414,2019-04-01,,,,,,,,
4188906,2019-04-01,2019-04-28,660,Boyabo,"Democratic Republic of the Congo",Post-emergency,626,,19,100,,40,44,4224,16898,2019-04-01,,,,,,,,
4188859,2019-04-01,2019-04-28,657,Inke,"Democratic Republic of the Congo",Post-emergency,1053,,11,,,31,44,4474,17898,2019-04-01,,,,,,,,
1257965,2019-04-01,2019-04-28,4246,"Mulongué (Baraka)","Democratic Republic of the Congo",Post-emergency,2262,,15,,100,7,7,477,6688,2019-04-01,,,,,,,,
2542517,2019-04-01,2019-04-28,538,"Adi Harush",Ethiopia,Post-emergency,,91,15,100,100,13,59,850,17000,2019-04-01,,,,,,,,
2536334,2019-04-01,2019-04-28,531,Awbarre,Ethiopia,Post-emergency,,104,21,,50,22,,2378,11894,2019-04-01,,,,,,,,
2536338,2019-04-01,2019-04-28,531,Awbarre,Ethiopia,,,,,,,,,,,2019-04-01,,,,,,,,
2577797,2019-04-01,2019-04-28,539,Aysaita,Ethiopia,Post-emergency,,137,18,100,100,25,60,3712,18562,2019-04-01,,,,,,,,
2541804,2019-04-01,2019-04-28,543,Bambasi,Ethiopia,Post-emergency,,51,15,100,100,6,6,1167,17516,2019-04-01,,,,,,,,
2577795,2019-04-01,2019-04-28,407,Barahle,Ethiopia,Post-emergency,,99,7,100,100,20,37,1332,17323,2019-04-01,,,,,,,,
2556688,2019-04-01,2019-04-28,533,Bokolmanyo,Ethiopia,Post-emergency,,130,12,,100,39,43,716,42981,2019-04-01,,,,,,,,
2558695,2019-04-01,2019-04-28,541,Buramino,Ethiopia,Post-emergency,,116,15,,100,43,73,1625,42271,2019-04-01,,,,,,,,
2559794,2019-04-01,2019-04-28,429,"Dollo Ado Transit Centre",Ethiopia,Emergency,,,16,,,29,73,,590,2019-04-01,,,,,,,,
2304744,2019-04-01,2019-04-28,527,Fugnido,Ethiopia,Post-emergency,,66,19,,100,11,35,724,39142,2019-04-01,,,,,,,,
2304746,2019-04-01,2019-04-28,497,"Fugnido 2",Ethiopia,Post-emergency,,46,19,,101,10,6,428,8567,2019-04-01,,,,,,,,
2541806,2019-04-01,2019-04-28,3973,Gure-Shembola,Ethiopia,Post-emergency,,108,18,100,100,32,18,803,7229,2019-04-01,,,,,,,,
2558690,2019-04-01,2019-04-28,537,Hilaweyn,Ethiopia,Post-emergency,,148,15,,100,50,24,1671,51807,2019-04-01,,,,,,,,
2524301,2019-04-01,2019-04-28,435,Hitsats,Ethiopia,Post-emergency,,98,9,100,100,12,11,681,13637,2019-04-01,,,,,,,,
2295188,2019-04-01,2019-04-28,494,Jewi,Ethiopia,Post-emergency,,,15,,100,11,31,1075,64526,2019-04-01,,,,,,,,
2558355,2019-04-01,2019-04-28,536,Kobe,Ethiopia,Post-emergency,,157,18,,100,21,28,804,48275,2019-04-01,,,,,,,,
2295180,2019-04-01,2019-04-28,450,Kule,Ethiopia,Post-emergency,,138,15,,100,12,26,534,42247,2019-04-01,,,,,,,,
2542515,2019-04-01,2019-04-28,534,"Mai Aini",Ethiopia,Post-emergency,,94,14,100,100,9,36,802,15247,2019-04-01,,,,,,,,
2557499,2019-04-01,2019-04-28,535,Melkadida,Ethiopia,Post-emergency,,141,21,,100,17,28,579,34784,2019-04-01,,,,,,,,
2295190,2019-04-01,2019-04-28,4015,Ngueyyiel,Ethiopia,Post-emergency,,134,9,,100,13,16,477,80710,2019-04-01,,,,,,,,
2295192,2019-04-01,2019-04-28,544,Okugo,Ethiopia,Post-emergency,,73,20,,100,27,,442,9735,2019-04-01,,,,,,,,
2536364,2019-04-01,2019-04-28,532,Sheder,Ethiopia,Post-emergency,,90,21,,17,14,,2178,10893,2019-04-01,,,,,,,,
2541800,2019-04-01,2019-04-28,525,Sherkole,Ethiopia,Post-emergency,,93,19,,100,7,5,612,11017,2019-04-01,,,,,,,,
2542503,2019-04-01,2019-04-28,529,Shimelba,Ethiopia,Post-emergency,,91,20,100,100,7,34,447,7157,2019-04-01,,,,,,,,
2295194,2019-04-01,2019-04-28,546,Tierkidi,Ethiopia,Post-emergency,,212,11,,100,19,310,1343,73885,2019-04-01,,,,,,,,
2541802,2019-04-01,2019-04-28,540,Tongo,Ethiopia,Post-emergency,,176,15,100,100,9,5,939,12219,2019-04-01,,,,,,,,
2541805,2019-04-01,2019-04-28,496,"Tsore Camp (Assosa)",Ethiopia,Post-emergency,,96,20,100,100,7,7,653,13076,2019-04-01,,,,,,,,
1402106,2019-04-01,2019-04-28,445,Arbat,Iraq,Post-emergency,,4,97,100,100,4,4,,8935,2019-04-01,,,,,,,,
2825584,2019-04-01,2019-04-28,446,Basirma,Iraq,Post-emergency,,5,82,100,100,5,4,952,2857,2019-04-01,,,,,,,,
2601898,2019-04-01,2019-04-28,442,Kawergosk,Iraq,Post-emergency,,4,112,100,100,4,4,979,7839,2019-04-01,,,,,,,,
2821209,2019-04-01,2019-04-28,444,Qushtapa,Iraq,Post-emergency,,4,86,100,100,4,4,909,8186,2019-04-01,,,,,,,,
3115670,2019-04-01,2019-04-28,518,Dagahaley,Kenya,Post-emergency,,89,28,67,100,7,,1868,74749,2019-04-01,,,,,,,,
3115671,2019-04-01,2019-04-28,519,Hagadera,Kenya,Post-emergency,,95,30,63,98,5,,1979,79172,2019-04-01,,,,,,,,
3115673,2019-04-01,2019-04-28,520,Ifo,Kenya,Post-emergency,,61,34,63,100,7,,1764,70569,2019-04-01,,,,,,,,
4387616,2019-04-01,2019-04-28,517,Kakuma,Kenya,Post-emergency,,105,19,,100,17,,4634,185399,2019-04-01,,,,,,,,
1679274,2019-04-01,2019-04-28,313,Dzaleka,Malawi,Post-emergency,1,10,7,0,,7,12,127,38808,2019-04-01,,,,,,,,
1674403,2019-04-01,2019-04-28,687,M'berra,Mauritania,Post-emergency,,116,24,,7,27,26,1324,58264,2019-04-01,,,,,,,,
3095054,2019-04-01,2019-04-28,626,Gihembe,Rwanda,Post-emergency,,58,20,,100,19,111,99,12946,2019-04-01,,,,,,,,
1624672,2019-04-01,2019-04-28,629,Kigeme,Rwanda,Post-emergency,,177,13,,92,37,110,,19845,2019-04-01,,,,,,,,
3094983,2019-04-01,2019-04-28,631,Mahama,Rwanda,Post-emergency,,75,19,100,100,17,16,498,59843,2019-04-01,,,,,,,,
1624673,2019-04-01,2019-04-28,630,Mugombwa,Rwanda,Post-emergency,,75,22,,100,26,72,,10420,2019-04-01,,,,,,,,
3100217,2019-04-01,2019-04-28,630,Mugombwa,Rwanda,Post-emergency,,76,20,,100,26,47,868,10420,2019-04-01,,,,,,,,
3094848,2019-04-01,2019-04-28,628,Nyabiheke,Rwanda,Post-emergency,,97,16,,97,22,126,114,14412,2019-04-01,,,,,,,,
2370942,2019-04-01,2019-04-28,686,"Ajoung Thok","South Sudan",Post-emergency,10,1,31,,100,7,,312,37854,2019-04-01,,,,,,,,
2559788,2019-04-01,2019-04-28,680,Doro,"South Sudan",Post-emergency,14,1,18,,100,16,,502,60340,2019-04-01,,,,,,,,
2559800,2019-04-01,2019-04-28,681,Gendrassa,"South Sudan",Post-emergency,4,1,22,,100,8,8,500,17530,2019-04-01,,,,,,,,
2559829,2019-04-01,2019-04-28,682,Kaya,"South Sudan",Post-emergency,,66,22,,100,12,,505,23247,2019-04-01,,,,,,,,
2366103,2019-04-01,2019-04-28,3886,Pamir,"South Sudan",Post-emergency,12,1,26,,84,11,,467,31774,2019-04-01,,,,,,,,
2557184,2019-04-01,2019-04-28,678,"Yusuf Batil","South Sudan",Post-emergency,29,1,18,,100,13,12,508,50886,2019-04-01,,,,,,,,
2541819,2019-04-01,2019-04-28,557,Ikafe,Uganda,Post-emergency,1881,194,16,100,100,8,8,961,223939,2019-04-01,,,,,,,,
1423296,2019-04-01,2019-04-28,554,"Kyaka II",Uganda,Emergency,,,9,,,8,13,,91390,2019-04-01,,,,,,,,
1417452,2019-04-01,2019-04-28,558,Nakivale,Uganda,Post-emergency,2973,825,17,96,95,4,19,275,89207,2019-04-01,,,,,,,,
1417414,2019-04-01,2019-04-28,555,Oruchinga,Uganda,Post-emergency,3,1,22,,,6,7,121,7272,2019-04-01,,,,,,,,
1331068,2019-04-01,2019-04-28,4067,Mantapala,Zambia,Post-emergency,0,75,21,,,6,139,219,14241,2019-04-01,,,,,,,,
3523334,2019-03-04,2019-03-31,463,Auserd,Algeria,Post-emergency,,61,13,100,100,5,4,642,18638,2019-03-01,,,,,,,,
3523305,2019-03-04,2019-03-31,464,Boujdour,Algeria,Post-emergency,,,15,100,100,5,4,331,9601,2019-03-01,,,,,,,,
3523463,2019-03-04,2019-03-31,465,Dakhla,Algeria,Post-emergency,,49,47,100,100,5,4,374,10870,2019-03-01,,,,,,,,
3523455,2019-03-04,2019-03-31,466,Layounne,Algeria,Post-emergency,,,10,100,100,5,5,1275,25503,2019-03-01,,,,,,,,
3430906,2019-03-04,2019-03-31,467,Smara,Algeria,Post-emergency,,98,9,100,100,5,5,1493,25389,2019-03-01,,,,,,,,
3842405,2019-03-04,2019-03-31,451,Gado,Cameroon,Post-emergency,0,,8,,97,41,43,476,25277,2019-03-01,,,,,,,,
1423068,2019-03-04,2019-03-31,451,Gado,Cameroon,Post-emergency,780,,0,,69,39,,,25772,2019-03-01,,,,,,,,
3270064,2019-03-04,2019-03-31,625,Minawao,Cameroon,Post-emergency,3,1,10,,50,21,24,701,57497,2019-03-01,,,,,,,,
1257449,2019-03-04,2019-03-31,491,"- Camp de refugies de Lusenda","Democratic Republic of the Congo",Post-emergency,,96,21,,80,16,23,1009,29264,2019-03-01,,,,,,,,
4190664,2019-03-04,2019-03-31,486,Bili,"Democratic Republic of the Congo",Post-emergency,4707,1177,7,,,9,16,2353,9414,2019-03-01,,,,,,,,
4188905,2019-03-04,2019-03-31,660,Boyabo,"Democratic Republic of the Congo",Post-emergency,1207,,9,100,,46,48,4223,16893,2019-03-01,,,,,,,,
4188857,2019-03-04,2019-03-31,657,Inke,"Democratic Republic of the Congo",Post-emergency,1790,,6,,,31,44,4474,17898,2019-03-01,,,,,,,,
1261614,2019-03-04,2019-03-31,538,"Adi Harush",Ethiopia,Post-emergency,,81,18,100,98,11,53,757,15147,2019-03-01,,,,,,,,
2536339,2019-03-04,2019-03-31,531,Awbarre,Ethiopia,Post-emergency,,85,22,,50,22,,2372,11864,2019-03-01,,,,,,,,
2536332,2019-03-04,2019-03-31,531,Awbarre,Ethiopia,Post-emergency,,53,35,,17,21,,2230,11151,2019-03-01,,,,,,,,
1154110,2019-03-04,2019-03-31,539,Aysaita,Ethiopia,Post-emergency,,136,16,100,98,25,64,3673,18369,2019-03-01,,,,,,,,
1425568,2019-03-04,2019-03-31,543,Bambasi,Ethiopia,Post-emergency,,65,14,100,100,6,6,1167,17516,2019-03-01,,,,,,,,
4273085,2019-03-04,2019-03-31,407,Barahle,Ethiopia,Post-emergency,,100,8,100,98,20,37,1332,17323,2019-03-01,,,,,,,,
1154112,2019-03-04,2019-03-31,3889,"Berhale camp (Afar)",Ethiopia,Post-emergency,,99,8,100,98,20,37,1332,17323,2019-03-01,,,,,,,,
2559799,2019-03-04,2019-03-31,533,Bokolmanyo,Ethiopia,Post-emergency,,130,15,,100,39,43,716,42981,2019-03-01,,,,,,,,
2558694,2019-03-04,2019-03-31,541,Buramino,Ethiopia,Post-emergency,,116,15,,100,43,73,1625,42271,2019-03-01,,,,,,,,
2559793,2019-03-04,2019-03-31,429,"Dollo Ado Transit Centre",Ethiopia,Emergency,,,16,,,30,75,,603,2019-03-01,,,,,,,,
1209750,2019-03-04,2019-03-31,527,Fugnido,Ethiopia,Post-emergency,,65,20,,100,10,35,713,38506,2019-03-01,,,,,,,,
1209749,2019-03-04,2019-03-31,497,"Fugnido 2",Ethiopia,Post-emergency,,45,19,,100,9,6,414,8291,2019-03-01,,,,,,,,
1425570,2019-03-04,2019-03-31,3973,Gure-Shembola,Ethiopia,Post-emergency,,102,26,100,100,14,19,837,7533,2019-03-01,,,,,,,,
2558689,2019-03-04,2019-03-31,537,Hilaweyn,Ethiopia,Post-emergency,,148,15,,100,50,24,1671,51807,2019-03-01,,,,,,,,
1261600,2019-03-04,2019-03-31,435,Hitsats,Ethiopia,Post-emergency,,98,11,100,98,12,11,681,13637,2019-03-01,,,,,,,,
1209748,2019-03-04,2019-03-31,494,Jewi,Ethiopia,Post-emergency,,141,15,,100,11,31,1075,64526,2019-03-01,,,,,,,,
2558354,2019-03-04,2019-03-31,536,Kobe,Ethiopia,Post-emergency,,163,19,,100,21,28,804,48275,2019-03-01,,,,,,,,
1209638,2019-03-04,2019-03-31,450,Kule,Ethiopia,Post-emergency,,136,15,,100,12,26,530,41919,2019-03-01,,,,,,,,
1261613,2019-03-04,2019-03-31,534,"Mai Aini",Ethiopia,Post-emergency,,88,24,100,98,9,33,756,14367,2019-03-01,,,,,,,,
2557474,2019-03-04,2019-03-31,535,Melkadida,Ethiopia,Post-emergency,,141,21,,100,17,28,579,34784,2019-03-01,,,,,,,,
1209783,2019-03-04,2019-03-31,4015,Ngueyyiel,Ethiopia,Post-emergency,,134,9,,100,13,16,473,80478,2019-03-01,,,,,,,,
1209751,2019-03-04,2019-03-31,544,Okugo,Ethiopia,Post-emergency,,114,19,,100,11,,687,15126,2019-03-01,,,,,,,,
2536363,2019-03-04,2019-03-31,532,Sheder,Ethiopia,Post-emergency,,85,16,,17,15,,2372,11864,2019-03-01,,,,,,,,
1425566,2019-03-04,2019-03-31,525,Sherkole,Ethiopia,Post-emergency,,111,22,100,100,7,5,612,11017,2019-03-01,,,,,,,,
1261599,2019-03-04,2019-03-31,529,Shimelba,Ethiopia,Post-emergency,,88,25,,98,7,33,432,6927,2019-03-01,,,,,,,,
1209752,2019-03-04,2019-03-31,546,Tierkidi,Ethiopia,Post-emergency,,212,15,,100,19,309,1343,73885,2019-03-01,,,,,,,,
1425567,2019-03-04,2019-03-31,540,Tongo,Ethiopia,Post-emergency,,176,18,100,100,9,5,939,12219,2019-03-01,,,,,,,,
1425569,2019-03-04,2019-03-31,496,"Tsore Camp (Assosa)",Ethiopia,Post-emergency,,13576,20,100,100,7,7,653,13076,2019-03-01,,,,,,,,
1327361,2019-03-04,2019-03-31,445,Arbat,Iraq,Post-emergency,,,90,100,100,4,4,,8925,2019-03-01,,,,,,,,
2825583,2019-03-04,2019-03-31,446,Basirma,Iraq,Post-emergency,,5,81,100,100,5,4,951,2855,2019-03-01,,,,,,,,
2572482,2019-03-04,2019-03-31,442,Kawergosk,Iraq,Post-emergency,,1,75,100,100,4,4,976,7812,2019-03-01,,,,,,,,
2820630,2019-03-04,2019-03-31,444,Qushtapa,Iraq,Post-emergency,,4,74,100,100,4,4,910,8195,2019-03-01,,,,,,,,
4387615,2019-03-04,2019-03-31,517,Kakuma,Kenya,Post-emergency,,105,19,,100,17,,4634,185399,2019-03-01,,,,,,,,
1377799,2019-03-04,2019-03-31,313,Dzaleka,Malawi,Post-emergency,1,1,7,0,,7,12,135,38527,2019-03-01,,,,,,,,
1210081,2019-03-04,2019-03-31,696,Abala,Niger,Post-emergency,,224,13,,,21,64,15072,15072,2019-03-01,,,,,,,,
1210246,2019-03-04,2019-03-31,472,Ayourou,Niger,Post-emergency,,417,20,,,3,,,468,2019-03-01,,,,,,,,
1210247,2019-03-04,2019-03-31,419,Intékan,Niger,Post-emergency,,,18,,,57,71,9029,18058,2019-03-01,,,,,,,,
1210080,2019-03-04,2019-03-31,694,Mangaizé,Niger,Post-emergency,,269,30,,,49,52,6996,6996,2019-03-01,,,,,,,,
1210079,2019-03-04,2019-03-31,697,Tabareybarey,Niger,Post-emergency,,199,15,,,101,391,10583,10583,2019-03-01,,,,,,,,
3095059,2019-03-04,2019-03-31,626,Gihembe,Rwanda,Post-emergency,,58,15,,100,19,113,95,12958,2019-03-01,,,,,,,,
1203403,2019-03-04,2019-03-31,686,"Ajoung Thok","South Sudan",Post-emergency,10,1,31,,77,7,,122,38332,2019-03-01,,,,,,,,
1203485,2019-03-04,2019-03-31,3886,Pamir,"South Sudan",Post-emergency,12,1,25,,74,11,,67,31312,2019-03-01,,,,,,,,
2541814,2019-03-04,2019-03-31,557,Ikafe,Uganda,Post-emergency,1964,196,16,,100,8,8,961,223939,2019-03-01,,,,,,,,
1118314,2019-03-04,2019-03-31,554,"Kyaka II",Uganda,Emergency,1319,1245,8,49,41,9,13,650,88436,2019-03-01,,,,,,,,
1156039,2019-03-04,2019-03-31,558,Nakivale,Uganda,Post-emergency,2973,825,17,,,4,20,336,89207,2019-03-01,,,,,,,,
1156036,2019-03-04,2019-03-31,555,Oruchinga,Uganda,Post-emergency,455,455,22,80,,6,7,106,7272,2019-03-01,,,,,,,,
877923,2019-03-11,2019-03-17,530,Kebribeyah,Ethiopia,Post-emergency,,138,11,,,12,,863,14685,2019-03-01,,,,,,,,
3523314,2019-02-04,2019-03-03,463,Auserd,Algeria,Post-emergency,,61,16,100,100,5,4,642,18638,2019-02-01,,,,,,,,
3523303,2019-02-04,2019-03-03,464,Boujdour,Algeria,Post-emergency,,,18,100,100,5,4,331,9601,2019-02-01,,,,,,,,
3523462,2019-02-04,2019-03-03,465,Dakhla,Algeria,Post-emergency,,49,40,100,80,5,4,374,10870,2019-02-01,,,,,,,,
3523454,2019-02-04,2019-03-03,466,Layounne,Algeria,Post-emergency,,,15,100,100,5,5,1275,25503,2019-02-01,,,,,,,,
3430905,2019-02-04,2019-03-03,467,Smara,Algeria,Post-emergency,,98,8,100,100,5,5,1493,25389,2019-02-01,,,,,,,,
3842395,2019-02-04,2019-03-03,451,Gado,Cameroon,Post-emergency,626,,8,100,88,39,43,476,25277,2019-02-01,,,,,,,,
3270027,2019-02-04,2019-03-03,625,Minawao,Cameroon,Post-emergency,3,1,11,0,44,21,24,692,56774,2019-02-01,,,,,,,,
1119085,2019-02-04,2019-03-03,4284,Beakoro,Chad,Post-emergency,817,,14,,,15,14,,584,2019-02-01,,,,,,,,
1119082,2019-02-04,2019-03-03,4282,Bekan,Chad,Post-emergency,675,,17,,,9,9,,1991,2019-02-01,,,,,,,,
1119077,2019-02-04,2019-03-03,4277,Bekourou,Chad,Post-emergency,481,,24,,,28,27,,1444,2019-02-01,,,,,,,,
1119075,2019-02-04,2019-03-03,4275,Dembo,Chad,Post-emergency,1055,,11,,,317,316,,3167,2019-02-01,,,,,,,,
1119080,2019-02-04,2019-03-03,4280,Diba,Chad,Post-emergency,894,,13,,,46,45,,3578,2019-02-01,,,,,,,,
1119079,2019-02-04,2019-03-03,4279,Dilingala,Chad,Post-emergency,465,,25,,,25,25,,2329,2019-02-01,,,,,,,,
1119078,2019-02-04,2019-03-03,4278,Gon,Chad,Post-emergency,471,,25,,,22,22,,1884,2019-02-01,,,,,,,,
1119076,2019-02-04,2019-03-03,4276,Silambi,Chad,Post-emergency,456,,26,,,61,60,,913,2019-02-01,,,,,,,,
1119081,2019-02-04,2019-03-03,4281,Vom,Chad,Post-emergency,404,,29,,,18,18,,1214,2019-02-01,,,,,,,,
4190663,2019-02-04,2019-03-03,486,Bili,"Democratic Republic of the Congo",Post-emergency,4707,1177,7,,,9,16,2353,9414,2019-02-01,,,,,,,,
4188889,2019-02-04,2019-03-03,660,Boyabo,"Democratic Republic of the Congo",Post-emergency,1126,,10,100,,37,49,4223,16893,2019-02-01,,,,,,,,
4188855,2019-02-04,2019-03-03,657,Inke,"Democratic Republic of the Congo",Post-emergency,1790,,6,,,31,44,4474,17898,2019-02-01,,,,,,,,
946218,2019-02-04,2019-03-03,538,"Adi Harush",Ethiopia,Post-emergency,,154,13,100,98,21,100,1432,28651,2019-02-01,,,,,,,,
2536331,2019-02-04,2019-03-03,531,Awbarre,Ethiopia,Post-emergency,,84,20,,60,32,,3496,17484,2019-02-01,,,,,,,,
947904,2019-02-04,2019-03-03,539,Aysaita,Ethiopia,Post-emergency,,136,16,100,98,25,64,3673,18369,2019-02-01,,,,,,,,
1425513,2019-02-04,2019-03-03,543,Bambasi,Ethiopia,Post-emergency,,64,15,100,100,6,407,1167,17516,2019-02-01,,,,,,,,
946788,2019-02-04,2019-03-03,407,Barahle,Ethiopia,Post-emergency,,131,8,100,98,20,37,1332,17323,2019-02-01,,,,,,,,
2556595,2019-02-04,2019-03-03,533,Bokolmanyo,Ethiopia,Post-emergency,,695,16,100,100,39,,716,42981,2019-02-01,,,,,,,,
2558693,2019-02-04,2019-03-03,541,Buramino,Ethiopia,Post-emergency,,116,15,,100,43,73,1625,42271,2019-02-01,,,,,,,,
2559792,2019-02-04,2019-03-03,429,"Dollo Ado Transit Centre",Ethiopia,Emergency,,,23,,,21,53,,428,2019-02-01,,,,,,,,
962078,2019-02-04,2019-03-03,527,Fugnido,Ethiopia,Post-emergency,,63,20,,100,10,34,689,37241,2019-02-01,,,,,,,,
962077,2019-02-04,2019-03-03,497,"Fugnido 2",Ethiopia,Post-emergency,,43,21,,100,9,5,403,8072,2019-02-01,,,,,,,,
1425512,2019-02-04,2019-03-03,3973,Gure-Shembola,Ethiopia,Post-emergency,,,21,100,100,13,19,837,7533,2019-02-01,,,,,,,,
2558688,2019-02-04,2019-03-03,537,Hilaweyn,Ethiopia,Post-emergency,,148,15,,100,50,24,1671,51807,2019-02-01,,,,,,,,
946372,2019-02-04,2019-03-03,435,Hitsats,Ethiopia,Post-emergency,,160,9,100,98,19,19,1109,22187,2019-02-01,,,,,,,,
957102,2019-02-04,2019-03-03,494,Jewi,Ethiopia,Post-emergency,,140,15,,100,11,31,1067,64053,2019-02-01,,,,,,,,
2558352,2019-02-04,2019-03-03,536,Kobe,Ethiopia,Post-emergency,,144,20,,100,18,25,704,42275,2019-02-01,,,,,,,,
957104,2019-02-04,2019-03-03,450,Kule,Ethiopia,Post-emergency,,136,14,,100,10,26,526,41615,2019-02-01,,,,,,,,
946219,2019-02-04,2019-03-03,534,"Mai Aini",Ethiopia,Post-emergency,,,12,100,100,13,49,1110,21095,2019-02-01,,,,,,,,
2557473,2019-02-04,2019-03-03,535,Melkadida,Ethiopia,Post-emergency,,141,20,,100,17,28,579,34784,2019-02-01,,,,,,,,
962080,2019-02-04,2019-03-03,4015,Ngueyyiel,Ethiopia,Post-emergency,,133,8,,100,13,16,472,80372,2019-02-01,,,,,,,,
962081,2019-02-04,2019-03-03,544,Okugo,Ethiopia,Post-emergency,,113,13,,100,11,,678,14925,2019-02-01,,,,,,,,
2536359,2019-02-04,2019-03-03,532,Sheder,Ethiopia,Post-emergency,,90,15,,17,13,,2089,10449,2019-02-01,,,,,,,,
887719,2019-02-04,2019-03-03,532,Sheder,Ethiopia,Post-emergency,,127,19,,33,6,,614,10449,2019-02-01,,,,,,,,
1424881,2019-02-04,2019-03-03,525,Sherkole,Ethiopia,Post-emergency,,111,21,100,100,7,5,612,11017,2019-02-01,,,,,,,,
946374,2019-02-04,2019-03-03,529,Shimelba,Ethiopia,Post-emergency,,94,23,100,98,7,35,458,7337,2019-02-01,,,,,,,,
962079,2019-02-04,2019-03-03,546,Tierkidi,Ethiopia,Post-emergency,,212,5,,100,19,310,1343,73885,2019-02-01,,,,,,,,
1424280,2019-02-04,2019-03-03,540,Tongo,Ethiopia,Post-emergency,,180,13,100,100,9,5,872,12219,2019-02-01,,,,,,,,
1424930,2019-02-04,2019-03-03,496,"Tsore Camp (Assosa)",Ethiopia,Post-emergency,,105,23,100,100,7,11,688,13076,2019-02-01,,,,,,,,
1402108,2019-02-04,2019-03-03,445,Arbat,Iraq,Post-emergency,,,86,100,100,4,4,,8985,2019-02-01,,,,,,,,
2825582,2019-02-04,2019-03-03,446,Basirma,Iraq,Post-emergency,,5,81,100,100,5,4,955,2866,2019-02-01,,,,,,,,
2572484,2019-02-04,2019-03-03,442,Kawergosk,Iraq,Post-emergency,,1,78,100,100,4,4,976,7812,2019-02-01,,,,,,,,
2820604,2019-02-04,2019-03-03,444,Qushtapa,Iraq,Post-emergency,,4,91,100,100,4,4,908,8175,2019-02-01,,,,,,,,
4387614,2019-02-04,2019-03-03,517,Kakuma,Kenya,Post-emergency,,105,19,,100,17,,4634,185399,2019-02-01,,,,,,,,
908340,2019-02-04,2019-03-03,313,Dzaleka,Malawi,Post-emergency,1126,638,6,,,7,12,134,38297,2019-02-01,,,,,,,,
969289,2019-02-04,2019-03-03,696,Abala,Niger,Post-emergency,,234,20,,,22,70,15684,15684,2019-02-01,,,,,,,,
952712,2019-02-04,2019-03-03,472,Ayourou,Niger,Post-emergency,,437,23,,,,,,473,2019-02-01,,,,,,,,
974758,2019-02-04,2019-03-03,419,Intékan,Niger,Post-emergency,,128,14,,,32,,9039,18078,2019-02-01,,,,,,,,
969276,2019-02-04,2019-03-03,694,Mangaizé,Niger,Post-emergency,,247,11,,,48,51,,6926,2019-02-01,,,,,,,,
923994,2019-02-04,2019-03-03,3926,"Sayam Forage Camp",Niger,Post-emergency,,193,14,100,67,31,95,2313,13880,2019-02-01,,,,,,,,
968725,2019-02-04,2019-03-03,697,Tabareybarey,Niger,Post-emergency,,199,15,,,29,53,,10551,2019-02-01,,,,,,,,
948250,2019-02-04,2019-03-03,697,Tabareybarey,Niger,Post-emergency,,199,15,,,29,53,10551,10551,2019-02-01,,,,,,,,
1252383,2019-02-04,2019-03-03,4251,Adagom,Nigeria,Emergency,,,14,,,46,40,,7882,2019-02-01,,,,,,,,
1252412,2019-02-04,2019-03-03,4252,Anyake,Nigeria,Emergency,,,25,,,13,15,,1763,2019-02-01,,,,,,,,
917448,2019-02-04,2019-03-03,686,"Ajoung Thok","South Sudan",Post-emergency,5339,72,32,,89,7,,308,37373,2019-02-01,,,,,,,,
956824,2019-02-04,2019-03-03,680,Doro,"South Sudan",Post-emergency,3519,101,22,,100,16,,273,59828,2019-02-01,,,,,,,,
956826,2019-02-04,2019-03-03,681,Gendrassa,"South Sudan",Post-emergency,1096,133,22,,100,8,,274,17545,2019-02-01,,,,,,,,
956828,2019-02-04,2019-03-03,682,Kaya,"South Sudan",Post-emergency,,,19,,,12,,181,23190,2019-02-01,,,,,,,,
917419,2019-02-04,2019-03-03,3886,Pamir,"South Sudan",Post-emergency,5721,74,24,,84,10,,420,28609,2019-02-01,,,,,,,,
955507,2019-02-04,2019-03-03,678,"Yusuf Batil","South Sudan",Post-emergency,6473,91,21,,100,13,,384,45313,2019-02-01,,,,,,,,
2542246,2019-02-04,2019-03-03,557,Ikafe,Uganda,Post-emergency,1964,273,16,,,7,7,1272,223939,2019-02-01,,,,,,,,
740837,2019-02-04,2019-03-03,549,Imvepi,Uganda,Post-emergency,,,0,,,1,1,97,2332,2019-02-01,,,,,,,,
1118459,2019-02-04,2019-03-03,554,"Kyaka II",Uganda,Emergency,,,8,,,9,13,,88436,2019-02-01,,,,,,,,
903022,2019-02-04,2019-03-03,558,Nakivale,Uganda,Post-emergency,3310,919,17,93,100,4,21,336,89207,2019-02-01,,,,,,,,
905434,2019-02-04,2019-03-03,555,Oruchinga,Uganda,Post-emergency,455,455,22,89,100,5,6,,7272,2019-02-01,,,,,,,,
909895,2019-02-04,2019-03-03,559,Rwamwanja,Uganda,Post-emergency,847,1162,17,,100,6,10,373,65071,2019-02-01,,,,,,,,
882949,2019-02-18,2019-02-24,531,Awbarre,Ethiopia,Post-emergency,,,19,,35,6,11,693,11782,2019-02-01,,,,,,,,
878178,2019-02-18,2019-02-24,530,Kebribeyah,Ethiopia,Post-emergency,,97,9,,,12,77,863,14685,2019-02-01,,,,,,,,
695117,2019-02-08,2019-02-08,630,Mugombwa,Rwanda,Post-emergency,,106,18,,96,23,39,783,9397,2019-02-01,,,,,,,,
3523313,2018-12-31,2019-02-03,463,Auserd,Algeria,Post-emergency,,61,15,100,100,5,4,642,18638,2019-01-01,,,,,,,,
3510765,2018-12-31,2019-02-03,464,Boujdour,Algeria,Post-emergency,,,20,100,100,5,4,331,9601,2019-01-01,,,,,,,,
3523461,2018-12-31,2019-02-03,465,Dakhla,Algeria,Post-emergency,,49,47,100,100,5,4,374,10870,2019-01-01,,,,,,,,
3523340,2018-12-31,2019-02-03,466,Layounne,Algeria,Post-emergency,,,10,100,100,5,5,1275,25503,2019-01-01,,,,,,,,
3430392,2018-12-31,2019-02-03,467,Smara,Algeria,Post-emergency,,98,7,100,100,5,5,1493,25389,2019-01-01,,,,,,,,
1423065,2018-12-31,2019-02-03,451,Gado,Cameroon,Post-emergency,769,,8,,75,39,,,25403,2019-01-01,,,,,,,,
3269972,2018-12-31,2019-02-03,625,Minawao,Cameroon,Post-emergency,4,1,11,,75,21,23,731,56353,2019-01-01,,,,,,,,
436645,2018-12-31,2019-02-03,484,"Dar Es Salam",Chad,Emergency,,,10,,,53,94,,3500,2019-01-01,,,,,,,,
708348,2018-12-31,2019-02-03,484,"Dar Es Salam",Chad,Emergency,,,20,,,28,54,,4627,2019-01-01,,,,,,,,
4190662,2018-12-31,2019-02-03,486,Bili,"Democratic Republic of the Congo",Post-emergency,4707,1177,7,,,9,16,2353,9414,2019-01-01,,,,,,,,
4188868,2018-12-31,2019-02-03,660,Boyabo,"Democratic Republic of the Congo",Post-emergency,1207,,9,,,47,78,4223,16893,2019-01-01,,,,,,,,
4188854,2018-12-31,2019-02-03,657,Inke,"Democratic Republic of the Congo",Post-emergency,1790,,6,,,31,44,4474,17898,2019-01-01,,,,,,,,
570591,2018-12-31,2019-02-03,603,"Holl Holl",Djibouti,Post-emergency,3017,111,19,,100,25,301,,6035,2019-01-01,,,,,,,,
776892,2018-12-31,2019-02-03,538,"Adi Harush",Ethiopia,Post-emergency,,142,13,100,100,20,93,1327,26542,2019-01-01,,,,,,,,
2536329,2018-12-31,2019-02-03,531,Awbarre,Ethiopia,Post-emergency,,84,21,,,32,,3496,17484,2019-01-01,,,,,,,,
2536330,2018-12-31,2019-02-03,531,Awbarre,Ethiopia,Post-emergency,,,,,,,,,,2019-01-01,,,,,,,,
776896,2018-12-31,2019-02-03,539,Aysaita,Ethiopia,Post-emergency,,132,15,100,100,36,62,3571,17856,2019-01-01,,,,,,,,
820006,2018-12-31,2019-02-03,543,Bambasi,Ethiopia,Post-emergency,,50,13,,100,6,407,1167,17516,2019-01-01,,,,,,,,
776894,2018-12-31,2019-02-03,407,Barahle,Ethiopia,Post-emergency,,90,9,100,100,21,39,1210,15730,2019-01-01,,,,,,,,
2541778,2018-12-31,2019-02-03,533,Bokolmanyo,Ethiopia,Post-emergency,,695,16,100,100,54,61,716,42981,2019-01-01,,,,,,,,
909341,2018-12-31,2019-02-03,533,Bokolmanyo,Ethiopia,Post-emergency,,695,16,100,100,43,,716,42981,2019-01-01,,,,,,,,
2541807,2018-12-31,2019-02-03,541,Buramino,Ethiopia,Post-emergency,,844,15,100,100,48,73,1625,42271,2019-01-01,,,,,,,,
909545,2018-12-31,2019-02-03,541,Buramino,Ethiopia,Post-emergency,,844,15,100,100,52,51,1625,42271,2019-01-01,,,,,,,,
909578,2018-12-31,2019-02-03,429,"Dollo Ado Transit Centre",Ethiopia,Emergency,,,50,,,20,20,,200,2019-01-01,,,,,,,,
882950,2018-12-31,2019-02-03,527,Fugnido,Ethiopia,Post-emergency,,59,21,,100,9,32,650,35136,2019-01-01,,,,,,,,
887720,2018-12-31,2019-02-03,497,"Fugnido 2",Ethiopia,Post-emergency,,97,20,,100,20,13,894,17893,2019-01-01,,,,,,,,
820207,2018-12-31,2019-02-03,3973,Gure-Shembola,Ethiopia,Post-emergency,,109,20,,100,13,19,837,7533,2019-01-01,,,,,,,,
909544,2018-12-31,2019-02-03,537,Hilaweyn,Ethiopia,Post-emergency,,885,15,100,100,63,63,1671,51807,2019-01-01,,,,,,,,
776889,2018-12-31,2019-02-03,435,Hitsats,Ethiopia,Post-emergency,,151,15,100,100,18,18,1045,20901,2019-01-01,,,,,,,,
878179,2018-12-31,2019-02-03,494,Jewi,Ethiopia,Post-emergency,,139,15,,100,11,31,1097,63655,2019-01-01,,,,,,,,
909543,2018-12-31,2019-02-03,536,Kobe,Ethiopia,Post-emergency,,976,18,100,100,29,,804,48275,2019-01-01,,,,,,,,
878000,2018-12-31,2019-02-03,450,Kule,Ethiopia,Post-emergency,,131,14,,100,10,25,508,40210,2019-01-01,,,,,,,,
776891,2018-12-31,2019-02-03,534,"Mai Aini",Ethiopia,Post-emergency,,128,13,100,100,13,49,1095,20817,2019-01-01,,,,,,,,
909518,2018-12-31,2019-02-03,535,Melkadida,Ethiopia,Post-emergency,,846,20,100,100,29,28,579,34784,2019-01-01,,,,,,,,
877924,2018-12-31,2019-02-03,4015,Ngueyyiel,Ethiopia,Post-emergency,,133,13,,86,13,16,469,79864,2019-01-01,,,,,,,,
887721,2018-12-31,2019-02-03,544,Okugo,Ethiopia,Post-emergency,,111,12,,100,11,,668,14703,2019-01-01,,,,,,,,
2536342,2018-12-31,2019-02-03,532,Sheder,Ethiopia,Post-emergency,,90,0,,50,13,,2089,10449,2019-01-01,,,,,,,,
2536358,2018-12-31,2019-02-03,532,Sheder,Ethiopia,,,,,,,,,,,2019-01-01,,,,,,,,
819984,2018-12-31,2019-02-03,525,Sherkole,Ethiopia,Post-emergency,,83,19,,50,7,5,612,11017,2019-01-01,,,,,,,,
776890,2018-12-31,2019-02-03,529,Shimelba,Ethiopia,Post-emergency,,91,27,100,100,7,34,444,7110,2019-01-01,,,,,,,,
878003,2018-12-31,2019-02-03,546,Tierkidi,Ethiopia,Post-emergency,,212,5,,100,19,310,1343,73881,2019-01-01,,,,,,,,
820005,2018-12-31,2019-02-03,540,Tongo,Ethiopia,Post-emergency,,88,12,,100,9,5,872,12219,2019-01-01,,,,,,,,
820206,2018-12-31,2019-02-03,496,"Tsore Camp (Assosa)",Ethiopia,Post-emergency,,101,25,,100,7,11,688,13076,2019-01-01,,,,,,,,
1625522,2018-12-31,2019-02-03,670,Fetentaa,Ghana,Post-emergency,,61,36,67,0,10,39,94,948,2019-01-01,,,,,,,,
1402109,2018-12-31,2019-02-03,445,Arbat,Iraq,Post-emergency,,4,87,100,100,4,4,,8940,2019-01-01,,,,,,,,
2825486,2018-12-31,2019-02-03,446,Basirma,Iraq,Post-emergency,,5,80,100,100,5,4,954,2863,2019-01-01,,,,,,,,
2602182,2018-12-31,2019-02-03,442,Kawergosk,Iraq,Post-emergency,,4,80,100,100,4,4,973,7788,2019-01-01,,,,,,,,
2817838,2018-12-31,2019-02-03,444,Qushtapa,Iraq,Post-emergency,,4,78,100,100,4,4,903,8128,2019-01-01,,,,,,,,
4387613,2018-12-31,2019-02-03,517,Kakuma,Kenya,Post-emergency,,107,20,,74,17,,4712,188513,2019-01-01,,,,,,,,
777319,2018-12-31,2019-02-03,696,Abala,Niger,Post-emergency,,234,14,,,59,70,15692,15692,2019-01-01,,,,,,,,
763759,2018-12-31,2019-02-03,472,Ayourou,Niger,Post-emergency,,437,17,,,3,2,473,473,2019-01-01,,,,,,,,
777382,2018-12-31,2019-02-03,419,Intékan,Niger,Post-emergency,,128,12,50,50,57,71,9052,18104,2019-01-01,,,,,,,,
776953,2018-12-31,2019-02-03,694,Mangaizé,Niger,Post-emergency,,247,11,,,81,52,6924,6924,2019-01-01,,,,,,,,
652454,2018-12-31,2019-02-03,3926,"Sayam Forage Camp",Niger,Post-emergency,,194,12,100,60,31,95,2324,13944,2019-01-01,,,,,,,,
808830,2018-12-31,2019-02-03,697,Tabareybarey,Niger,Post-emergency,,,14,,,33,53,10555,10555,2019-01-01,,,,,,,,
661384,2018-12-31,2019-02-03,686,"Ajoung Thok","South Sudan",Post-emergency,5429,73,27,100,85,7,,314,38007,2019-01-01,,,,,,,,
909025,2018-12-31,2019-02-03,680,Doro,"South Sudan",Post-emergency,3516,101,22,,,16,,274,59772,2019-01-01,,,,,,,,
909026,2018-12-31,2019-02-03,681,Gendrassa,"South Sudan",Post-emergency,1095,133,22,,,8,,273,17526,2019-01-01,,,,,,,,
909151,2018-12-31,2019-02-03,682,Kaya,"South Sudan",Post-emergency,,65,20,,,12,,181,22918,2019-01-01,,,,,,,,
661455,2018-12-31,2019-02-03,3886,Pamir,"South Sudan",Post-emergency,5758,81,19,,78,10,,423,28791,2019-01-01,,,,,,,,
908888,2018-12-31,2019-02-03,678,"Yusuf Batil","South Sudan",Post-emergency,6476,91,20,,,13,,390,45333,2019-01-01,,,,,,,,
763659,2018-12-31,2019-02-03,552,Adjumani,Uganda,Post-emergency,782,331,16,100,100,8,,978,203449,2019-01-01,,,,,,,,
804957,2018-12-31,2019-02-03,557,Ikafe,Uganda,Post-emergency,1930,273,16,,,7,7,1272,223939,2019-01-01,,,,,,,,
736139,2018-12-31,2019-02-03,549,Imvepi,Uganda,Post-emergency,,,,,,,,,,2019-01-01,,,,,,,,
789793,2018-12-31,2019-02-03,553,Kyangwali,Uganda,Emergency,,,12,,,5,,,89281,2019-01-01,,,,,,,,
621837,2018-12-31,2019-02-03,558,Nakivale,Uganda,Post-emergency,3254,904,15,,71,5,22,368,97645,2019-01-01,,,,,,,,
622055,2018-12-31,2019-02-03,555,Oruchinga,Uganda,Post-emergency,754,754,13,,,5,5,279,7272,2019-01-01,,,,,,,,
741257,2018-12-31,2019-02-03,548,"Rhino Camp",Uganda,Post-emergency,,478,0,,,,,,40664,2019-01-01,,,,,,,,
736631,2018-12-31,2019-02-03,559,Rwamwanja,Uganda,Post-emergency,742,1327,13,100,100,6,11,350,65542,2019-01-01,,,,,,,,
528057,2019-01-20,2019-01-20,475,Arua,Uganda,Post-emergency,1164,336,7,91,34,6,17,399,153858,2019-01-01,,,,,,,,
878001,2019-01-07,2019-01-13,531,Awbarre,Ethiopia,Post-emergency,,112,21,,0,6,11,693,11782,2019-01-01,,,,,,,,
878004,2019-01-07,2019-01-13,532,Sheder,Ethiopia,Post-emergency,,,0,,,,,,10449,2019-01-01,,,,,,,,
1758279,2018-01-01,2018-12-31,569,Kutupalong,Bangladesh,,,,,,,,,,,,16.60,36.50,98.50,8.00,98.70,84.90,21.20,0000-00-00
1758288,2018-01-01,2018-12-31,570,NayaparaRC,Bangladesh,,,,,,,,,,,,16.60,36.50,98.50,8.00,98.70,84.90,21.20,2018-12-03
827243,2018-01-01,2018-12-31,572,Amboko,Chad,,,,,,,,,,,,26.00,100.00,99.00,55.00,91.00,71.00,75.00,2018-11-01
827244,2018-01-01,2018-12-31,573,Amnabak,Chad,,,,,,,,,,,,13.00,100.00,100.00,77.00,85.00,80.00,32.00,2018-11-01
827537,2018-01-01,2018-12-31,600,Belom,Chad,,,,,,,,,,,,31.00,100.00,92.00,85.00,91.00,65.00,36.00,2018-11-01
827245,2018-01-01,2018-12-31,574,Bredjing,Chad,,,,,,,,,,,,16.00,100.00,98.00,90.00,93.00,62.00,82.00,2018-11-01
827242,2018-01-01,2018-12-31,484,"Dar Es Salam",Chad,,,,,,,,,,,,29.00,100.00,99.00,92.00,99.00,31.00,58.00,2018-11-01
827434,2018-01-01,2018-12-31,575,Djabal,Chad,,,,,,,,,,,,22.00,100.00,100.00,88.00,92.00,66.00,64.00,2018-11-01
827241,2018-01-01,2018-12-31,483,Doholo,Chad,,,,,,,,,,,,30.00,100.00,100.00,85.00,97.00,55.00,81.00,2018-11-01
827446,2018-01-01,2018-12-31,576,Dosseye,Chad,,,,,,,,,,,,31.00,100.00,100.00,78.00,81.00,63.00,84.00,2018-11-01
827447,2018-01-01,2018-12-31,577,Farchana,Chad,,,,,,,,,,,,13.00,100.00,60.00,87.00,92.00,67.00,87.00,2018-11-01
827491,2018-01-01,2018-12-31,578,Gaga,Chad,,,,,,,,,,,,16.00,100.00,59.00,91.00,92.00,49.00,78.00,2018-11-01
827492,2018-01-01,2018-12-31,579,Gondje,Chad,,,,,,,,,,,,34.00,100.00,100.00,52.00,80.00,75.00,59.00,2018-11-01
827505,2018-01-01,2018-12-31,580,"Goz Amer",Chad,,,,,,,,,,,,20.00,100.00,98.00,70.00,87.00,86.00,87.00,2018-11-01
827506,2018-01-01,2018-12-31,581,Iridimi,Chad,,,,,,,,,,,,16.00,100.00,97.00,83.00,84.00,76.00,43.00,2018-11-01
827240,2018-01-01,2018-12-31,482,Kerfi,Chad,,,,,,,,,,,,42.00,100.00,100.00,75.00,100.00,50.00,75.00,2018-11-01
827530,2018-01-01,2018-12-31,582,Kounoungou,Chad,,,,,,,,,,,,16.00,100.00,99.00,96.00,99.00,85.00,79.00,2018-11-01
827532,2018-01-01,2018-12-31,583,Mile,Chad,,,,,,,,,,,,15.00,100.00,100.00,95.00,97.00,85.00,82.00,2018-11-01
827536,2018-01-01,2018-12-31,599,Moyo,Chad,,,,,,,,,,,,43.00,100.00,100.00,54.00,78.00,53.00,90.00,2018-11-01
827533,2018-01-01,2018-12-31,584,"Oure Cassoni",Chad,,,,,,,,,,,,17.00,100.00,99.00,89.00,93.00,66.00,50.00,2018-11-01
827534,2018-01-01,2018-12-31,585,Touloum,Chad,,,,,,,,,,,,16.00,100.00,89.00,65.00,85.00,80.00,61.00,2018-11-01
827535,2018-01-01,2018-12-31,586,Treguine,Chad,,,,,,,,,,,,15.00,100.00,31.00,89.00,92.00,53.00,74.00,2018-11-01
1624581,2018-01-01,2018-12-31,494,Jewi,Ethiopia,,,,,,,,,,,,13.04,96.00,100.00,97.00,100.00,,93.00,2018-09-01
1624583,2018-01-01,2018-12-31,4015,Ngueyyiel,Ethiopia,,,,,,,,,,,,14.00,59.00,100.00,83.00,86.00,48.00,47.00,2018-11-01
1304698,2018-01-01,2018-12-31,445,Arbat,Iraq,,,,,,,,,,,,100.00,100.00,77.68,100.00,100.00,,100.00,2018-12-31
1321365,2018-01-01,2018-12-31,427,Azraq,Jordan,,,,,,,,,,,,22.50,,84.00,,99.00,100.00,96.00,
1321769,2018-01-01,2018-12-31,518,Dagahaley,Kenya,,,,,,,,,,,,15.00,,100.00,94.30,96.40,78.00,68.00,2018-03-18
1321767,2018-01-01,2018-12-31,519,Hagadera,Kenya,,,,,,,,,,,,13.00,,100.00,94.30,96.40,81.00,83.00,2018-03-18
1321768,2018-01-01,2018-12-31,520,Ifo,Kenya,,,,,,,,,,,,27.50,,100.00,94.30,96.40,73.00,79.00,2018-03-18
1422891,2018-01-01,2018-12-31,517,Kakuma,Kenya,,,,,,,,,,,,21.80,,96.20,,97.30,94.20,,2018-11-01
3151320,2018-01-01,2018-12-31,313,Dzaleka,Malawi,,,,,,,,,,,,23.10,35.70,100.00,71.00,100.00,79.00,71.00,2018-03-15
1255248,2018-01-01,2018-12-31,696,Abala,Niger,,,,,,,,,,,,14.80,26.51,100.00,14.46,4.00,45.00,5.00,2018-12-27
1255247,2018-01-01,2018-12-31,694,Mangaizé,Niger,,,,,,,,,,,,24.40,40.38,96.00,10.90,11.00,44.00,6.00,2018-12-21
1256805,2018-01-01,2018-12-31,3926,"Sayam Forage Camp",Niger,,,,,,,,,,,,37.00,59.20,100.00,0.00,92.00,92.00,69.00,2018-08-10
1256804,2018-01-01,2018-12-31,697,Tabareybarey,Niger,,,,,,,,,,,,12.00,34.57,100.00,20.99,,14.00,62.00,2018-12-27
1321771,2018-01-01,2018-12-31,629,Kigeme,Rwanda,,,,,,,,,,,,10.75,,94.00,1.00,93.00,100.00,99.00,2018-12-01
1321770,2018-01-01,2018-12-31,630,Mugombwa,Rwanda,,,,,,,,,,,,19.50,,95.41,2.60,93.00,100.00,97.95,2018-12-01
2147362,2018-01-01,2018-12-31,3886,Pamir,"South Sudan",,,,,,,,,,,,20.57,97.00,100.00,44.00,56.00,51.00,39.00,2018-11-01
1674012,2018-01-01,2018-12-31,549,Imvepi,Uganda,,,,,,,,,,,,14.70,,99.30,,,82.50,66.10,2018-06-01
623240,2018-01-01,2018-12-31,554,"Kyaka II",Uganda,,,,,,,,,,,,13.80,99.40,91.60,67.20,99.50,34.20,53.50,2018-11-21
1674000,2018-01-01,2018-12-31,553,Kyangwali,Uganda,,,,,,,,,,,,14.20,64.30,92.40,63.30,70.60,53.40,21.10,2018-12-01
260087,2018-01-01,2018-12-31,555,Oruchinga,Uganda,,,,,,,,,,,,22.00,73.00,92.00,98.00,83.00,69.00,70.00,2018-11-11
1456543,2018-01-01,2018-12-31,559,Rwamwanja,Uganda,,,,,,,,,,,,6.10,30.20,96.90,93.30,90.40,73.70,46.10,2018-12-07
708275,2018-12-03,2018-12-30,572,Amboko,Chad,Post-emergency,481,,24,100,96,6,6,2215,11078,2018-12-01,,,,,,,,
708276,2018-12-03,2018-12-30,573,Amnabak,Chad,Post-emergency,,241,11,80,100,18,18,4592,22964,2018-12-01,,,,,,,,
708347,2018-12-03,2018-12-30,600,Belom,Chad,Post-emergency,515,,29,91,,7,6,2835,22686,2018-12-01,,,,,,,,
708277,2018-12-03,2018-12-30,574,Bredjing,Chad,Post-emergency,,214,14,100,100,11,10,4734,47347,2018-12-01,,,,,,,,
708091,2018-12-03,2018-12-30,484,"Dar Es Salam",Chad,Post-emergency,424,,27,100,100,16,22,637,7648,2018-12-01,,,,,,,,
708278,2018-12-03,2018-12-30,575,Djabal,Chad,Post-emergency,,213,20,100,100,10,10,4620,23104,2018-12-01,,,,,,,,
707769,2018-12-03,2018-12-30,483,Doholo,Chad,Post-emergency,554,,28,100,100,6,6,1330,6653,2018-12-01,,,,,,,,
708279,2018-12-03,2018-12-30,576,Dosseye,Chad,Post-emergency,403,,29,93,,6,5,2019,16156,2018-12-01,,,,,,,,
708280,2018-12-03,2018-12-30,577,Farchana,Chad,Post-emergency,,157,11,100,100,8,7,4221,29552,2018-12-01,,,,,,,,
708281,2018-12-03,2018-12-30,578,Gaga,Chad,Post-emergency,,190,14,100,100,8,8,4328,25970,2018-12-01,,,,,,,,
708282,2018-12-03,2018-12-30,579,Gondje,Chad,Post-emergency,366,,32,92,,7,7,1833,9165,2018-12-01,,,,,,,,
708339,2018-12-03,2018-12-30,580,"Goz Amer",Chad,Post-emergency,832,,18,88,83,9,8,4995,34971,2018-12-01,,,,,,,,
708340,2018-12-03,2018-12-30,581,Iridimi,Chad,Post-emergency,,163,14,100,100,12,12,3437,20624,2018-12-01,,,,,,,,
707657,2018-12-03,2018-12-30,482,Kerfi,Chad,Post-emergency,225,,40,100,83,6,6,270,1350,2018-12-01,,,,,,,,
708341,2018-12-03,2018-12-30,582,Kounoungou,Chad,Post-emergency,3908,361,14,100,100,12,12,3908,19540,2018-12-01,,,,,,,,
708342,2018-12-03,2018-12-30,583,Mile,Chad,Post-emergency,,245,13,100,100,15,15,4128,20640,2018-12-01,,,,,,,,
708346,2018-12-03,2018-12-30,599,Moyo,Chad,Post-emergency,364,,41,91,,6,5,1675,8379,2018-12-01,,,,,,,,
708343,2018-12-03,2018-12-30,584,"Oure Cassoni",Chad,Post-emergency,,202,15,100,100,8,8,6077,30386,2018-12-01,,,,,,,,
708344,2018-12-03,2018-12-30,585,Touloum,Chad,Post-emergency,,294,14,100,100,13,14,4172,25034,2018-12-01,,,,,,,,
708345,2018-12-03,2018-12-30,586,Treguine,Chad,Post-emergency,1196,,13,86,,7,7,4187,25127,2018-12-01,,,,,,,,
649415,2018-12-03,2018-12-30,427,Azraq,Jordan,Post-emergency,,33,37,,100,14,13,,40615,2018-12-01,,,,,,,,
650170,2018-12-03,2018-12-30,403,Za'atri,Jordan,Post-emergency,,4,33,100,100,4,4,,78605,2018-12-01,,,,,,,,
1005223,2018-12-03,2018-12-30,631,Mahama,Rwanda,Post-emergency,,87,20,100,100,18,17,487,58552,2018-12-01,,,,,,,,
303776,2018-12-03,2018-12-30,473,Jammam,"South Sudan",Post-emergency,,,,,,,,,,2018-12-01,,,,,,,,
533940,2018-12-03,2018-12-30,557,Ikafe,Uganda,Post-emergency,2092,309,15,,,7,7,603,223939,2018-12-01,,,,,,,,
623238,2018-12-03,2018-12-30,554,"Kyaka II",Uganda,Emergency,,,14,,,9,17,,76800,2018-12-01,,,,,,,,
440557,2018-12-03,2018-12-30,558,Nakivale,Uganda,Post-emergency,3254,904,16,81,49,5,22,368,97645,2018-12-01,,,,,,,,
439832,2018-12-03,2018-12-30,555,Oruchinga,Uganda,Post-emergency,821,821,21,89,88,5,5,258,6986,2018-12-01,,,,,,,,
583327,2018-12-03,2018-12-30,559,Rwamwanja,Uganda,Post-emergency,737,1142,14,,100,6,11,347,65071,2018-12-01,,,,,,,,
425810,2018-12-17,2018-12-23,553,Kyangwali,Uganda,Post-emergency,749,,14,,,12,,749,86220,2018-12-01,,,,,,,,
307516,2018-12-10,2018-12-16,558,Nakivale,Uganda,Post-emergency,3254,904,16,81,49,5,9,368,97645,2018-12-01,,,,,,,,
303953,2018-12-03,2018-12-09,555,Oruchinga,Uganda,Post-emergency,821,821,21,89,88,5,8,258,6986,2018-12-01,,,,,,,,
373970,2018-10-29,2018-12-02,463,Auserd,Algeria,Post-emergency,,198,16,100,89,4,3,642,18638,2018-11-01,,,,,,,,
373978,2018-10-29,2018-12-02,464,Boujdour,Algeria,Post-emergency,,,29,100,57,5,4,331,9601,2018-11-01,,,,,,,,
373979,2018-10-29,2018-12-02,465,Dakhla,Algeria,Post-emergency,,95,74,,,5,4,374,10870,2018-11-01,,,,,,,,
390882,2018-10-29,2018-12-02,572,Amboko,Chad,Post-emergency,482,,24,91,,6,6,2217,11088,2018-11-01,,,,,,,,
391151,2018-10-29,2018-12-02,573,Amnabak,Chad,Post-emergency,4620,256,11,100,100,18,18,4620,23102,2018-11-01,,,,,,,,
390885,2018-10-29,2018-12-02,600,Belom,Chad,Post-emergency,515,,30,91,,7,6,2835,22681,2018-11-01,,,,,,,,
390887,2018-10-29,2018-12-02,574,Bredjing,Chad,Post-emergency,,221,14,100,100,11,10,4705,47059,2018-11-01,,,,,,,,
391149,2018-10-29,2018-12-02,575,Djabal,Chad,Post-emergency,,211,20,100,100,10,9,4560,22802,2018-11-01,,,,,,,,
390881,2018-10-29,2018-12-02,483,Doholo,Chad,Post-emergency,665,,25,100,,6,6,1330,6653,2018-11-01,,,,,,,,
390883,2018-10-29,2018-12-02,576,Dosseye,Chad,Post-emergency,404,,29,93,,6,6,2022,16182,2018-11-01,,,,,,,,
390884,2018-10-29,2018-12-02,579,Gondje,Chad,Post-emergency,366,,32,92,,7,7,1833,9169,2018-11-01,,,,,,,,
391150,2018-10-29,2018-12-02,580,"Goz Amer",Chad,Post-emergency,834,,18,100,100,9,8,5007,35050,2018-11-01,,,,,,,,
391152,2018-10-29,2018-12-02,581,Iridimi,Chad,Post-emergency,,163,14,100,100,12,12,3443,20662,2018-11-01,,,,,,,,
391148,2018-10-29,2018-12-02,482,Kerfi,Chad,Post-emergency,298,,30,67,,8,8,357,1789,2018-11-01,,,,,,,,
390886,2018-10-29,2018-12-02,599,Moyo,Chad,Post-emergency,364,,39,96,,6,5,1676,8380,2018-11-01,,,,,,,,
391169,2018-10-29,2018-12-02,584,"Oure Cassoni",Chad,Post-emergency,,202,15,100,100,8,8,6074,30372,2018-11-01,,,,,,,,
391153,2018-10-29,2018-12-02,585,Touloum,Chad,Post-emergency,,294,14,100,100,13,14,4174,25046,2018-11-01,,,,,,,,
391147,2018-10-29,2018-12-02,586,Treguine,Chad,Post-emergency,1193,,13,86,,7,7,4177,25062,2018-11-01,,,,,,,,
649414,2018-10-29,2018-12-02,427,Azraq,Jordan,Post-emergency,,,40,100,100,14,13,,40489,2018-11-01,,,,,,,,
650169,2018-10-29,2018-12-02,403,Za'atri,Jordan,Post-emergency,,4,35,100,100,4,4,,78559,2018-11-01,,,,,,,,
303089,2018-10-29,2018-12-02,508,Mtendeli,Tanzania,Post-emergency,,82,27,,100,7,148,1240,37205,2018-11-01,,,,,,,,
405738,2018-10-29,2018-12-02,553,Kyangwali,Uganda,,,,,,,,,,,,14.20,64.30,92.40,63.30,70.60,53.40,21.10,2018-11-05
533939,2018-11-26,2018-12-02,553,Kyangwali,Uganda,Post-emergency,749,,14,,,,,,86220,2018-11-01,,,,,,,,
260086,2018-11-28,2018-11-28,558,Nakivale,Uganda,,,,,,,,,,,,17.00,96.00,87.00,92.00,74.00,72.00,71.00,2018-11-01
649413,2018-10-01,2018-10-28,427,Azraq,Jordan,Post-emergency,,,48,,100,14,13,,40712,2018-10-01,,,,,,,,
650168,2018-10-01,2018-10-28,403,Za'atri,Jordan,Post-emergency,,4,35,100,100,4,4,,78406,2018-10-01,,,,,,,,
243771,2018-10-01,2018-10-28,554,"Kyaka II",Uganda,Emergency,,,15,,,8,14,,63094,2018-10-01,,,,,,,,
649412,2018-09-03,2018-09-30,427,Azraq,Jordan,Post-emergency,,3408,51,100,100,14,13,,40901,2018-09-01,,,,,,,,
650167,2018-09-03,2018-09-30,403,Za'atri,Jordan,Post-emergency,,4,37,100,100,4,4,,78357,2018-09-01,,,,,,,,
649411,2018-07-30,2018-09-02,427,Azraq,Jordan,Post-emergency,,3408,50,,100,14,13,,40901,2018-08-01,,,,,,,,
649731,2018-07-30,2018-09-02,403,Za'atri,Jordan,Post-emergency,,4,30,,100,4,4,,78609,2018-08-01,,,,,,,,
649410,2018-07-02,2018-07-29,427,Azraq,Jordan,Post-emergency,,33,52,,100,14,1393,,40408,2018-07-01,,,,,,,,
649730,2018-07-02,2018-07-29,403,Za'atri,Jordan,Post-emergency,,4,32,100,100,4,4,,78551,2018-07-01,,,,,,,,
649408,2018-06-04,2018-07-01,427,Azraq,Jordan,Post-emergency,,33,50,100,100,14,1382,,40092,2018-06-01,,,,,,,,
649729,2018-06-04,2018-07-01,403,Za'atri,Jordan,Post-emergency,,4,35,100,100,4,4,,78552,2018-06-01,,,,,,,,
649407,2018-04-30,2018-06-03,427,Azraq,Jordan,Post-emergency,,34,44,,100,15,14,,41103,2018-05-01,,,,,,,,
649728,2018-04-30,2018-06-03,403,Za'atri,Jordan,Post-emergency,,4,36,,100,4,4,,78545,2018-05-01,,,,,,,,
649406,2018-04-02,2018-04-29,427,Azraq,Jordan,Post-emergency,,,44,,100,14,14,,41505,2018-04-01,,,,,,,,
649727,2018-04-02,2018-04-29,403,Za'atri,Jordan,Post-emergency,,4,35,100,100,4,4,,78658,2018-04-01,,,,,,,,
648729,2018-02-26,2018-04-01,427,Azraq,Jordan,Post-emergency,,38,38,100,100,16,15,,46908,2018-03-01,,,,,,,,
649726,2018-02-26,2018-04-01,403,Za'atri,Jordan,Post-emergency,,4,36,100,100,4,4,,78804,2018-03-01,,,,,,,,
3151432,2018-02-26,2018-04-01,4067,Mantapala,Zambia,Emergency,,,19,,,49,,,2170,2018-03-01,,,,,,,,
3151431,2018-02-26,2018-04-01,642,Mayukwayukwa,Zambia,Post-emergency,206,,23,42,,17,,171,11982,2018-03-01,,,,,,,,
3151341,2018-02-26,2018-04-01,641,Meheba,Zambia,Post-emergency,159,,17,27,,38,,833,19997,2018-03-01,,,,,,,,
648727,2018-01-29,2018-02-25,427,Azraq,Jordan,Post-emergency,,44,27,100,100,18,1860,,53967,2018-02-01,,,,,,,,
649465,2018-01-29,2018-02-25,403,Za'atri,Jordan,Post-emergency,,4,36,,,4,4,,78989,2018-02-01,,,,,,,,
648726,2018-01-01,2018-01-28,427,Azraq,Jordan,Post-emergency,,44,25,100,100,18,1854,,53782,2018-01-01,,,,,,,,
649420,2018-01-01,2018-01-28,403,Za'atri,Jordan,Post-emergency,,4,36,100,100,4,4,,78994,2018-01-01,,,,,,,,
1595158,2017-01-01,2017-12-31,572,Amboko,Chad,,,,,,,,,,,,42.00,,100.00,76.00,83.00,85.00,,
1595117,2017-01-01,2017-12-31,573,Amnabak,Chad,,,,,,,,,,,,11.00,,90.00,35.00,93.00,81.00,,
1595159,2017-01-01,2017-12-31,600,Belom,Chad,,,,,,,,,,,,45.00,,99.00,65.30,82.00,85.00,,
1595076,2017-01-01,2017-12-31,574,Bredjing,Chad,,,,,,,,,,,,12.50,,99.00,50.00,41.00,93.00,,
1595166,2017-01-01,2017-12-31,484,"Dar Es Salam",Chad,,,,,,,,,,,,30.00,,100.00,23.16,68.00,75.00,,
1595153,2017-01-01,2017-12-31,575,Djabal,Chad,,,,,,,,,,,,20.00,,100.00,45.00,91.00,66.00,,
1595165,2017-01-01,2017-12-31,483,Doholo,Chad,,,,,,,,,,,,49.00,,100.00,73.00,80.00,80.00,,
1595160,2017-01-01,2017-12-31,576,Dosseye,Chad,,,,,,,,,,,,54.00,,100.00,67.00,80.00,83.00,,
1595110,2017-01-01,2017-12-31,577,Farchana,Chad,,,,,,,,,,,,16.00,,100.00,47.00,46.00,98.00,,
1595116,2017-01-01,2017-12-31,578,Gaga,Chad,,,,,,,,,,,,15.50,,100.00,50.00,50.00,97.00,,
1595163,2017-01-01,2017-12-31,579,Gondje,Chad,,,,,,,,,,,,52.00,,99.00,67.66,72.00,75.00,,
1595154,2017-01-01,2017-12-31,580,"Goz Amer",Chad,,,,,,,,,,,,20.00,,93.00,47.00,86.00,71.00,,
1595149,2017-01-01,2017-12-31,581,Iridimi,Chad,,,,,,,,,,,,14.00,,99.00,32.00,88.00,76.00,,
1595155,2017-01-01,2017-12-31,482,Kerfi,Chad,,,,,,,,,,,,36.00,,100.00,34.00,,,,
1595151,2017-01-01,2017-12-31,582,Kounoungou,Chad,,,,,,,,,,,,17.00,,100.00,36.40,99.00,77.00,,
1595150,2017-01-01,2017-12-31,583,Mile,Chad,,,,,,,,,,,,13.00,,100.00,42.00,88.00,76.00,,
1595164,2017-01-01,2017-12-31,599,Moyo,Chad,,,,,,,,,,,,38.00,,99.00,66.83,84.00,80.00,,
1595152,2017-01-01,2017-12-31,584,"Oure Cassoni",Chad,,,,,,,,,,,,17.00,,100.00,44.10,96.00,74.00,,
1595118,2017-01-01,2017-12-31,585,Touloum,Chad,,,,,,,,,,,,13.00,,97.00,35.80,78.00,84.00,,
1595077,2017-01-01,2017-12-31,586,Treguine,Chad,,,,,,,,,,,,11.00,,90.00,65.00,63.00,96.00,,
1324737,2017-01-01,2017-12-31,538,"Adi Harush",Ethiopia,,,,,,,,,,,,6.70,73.60,98.30,90.20,93.60,97.70,91.00,2017-12-19
1624585,2017-01-01,2017-12-31,527,Fugnido,Ethiopia,,,,,,,,,,,,14.30,,100.00,,86.00,54.00,23.00,2017-12-15
1624586,2017-01-01,2017-12-31,497,"Fugnido 2",Ethiopia,,,,,,,,,,,,20.70,,100.00,,97.00,74.00,45.00,2017-01-15
1217159,2017-01-01,2017-12-31,435,Hitsats,Ethiopia,,,,,,,,,,,,11.80,38.60,77.00,74.00,93.00,95.90,98.80,2017-12-24
1624584,2017-01-01,2017-12-31,450,Kule,Ethiopia,,,,,,,,,,,,9.40,,100.00,93.00,94.00,66.00,48.00,2017-12-15
1325264,2017-01-01,2017-12-31,534,"Mai Aini",Ethiopia,,,,,,,,,,,,10.70,76.50,99.50,85.00,87.00,99.00,98.00,2017-12-27
1624582,2017-01-01,2017-12-31,4015,Ngueyyiel,Ethiopia,,,,,,,,,,,,11.90,49.40,100.00,7.00,59.00,86.00,16.00,2017-05-03
1325691,2017-01-01,2017-12-31,529,Shimelba,Ethiopia,,,,,,,,,,,,26.90,,100.00,80.00,97.00,100.00,77.00,2017-12-29
1624614,2017-01-01,2017-12-31,546,Tierkidi,Ethiopia,,,,,,,,,,,,10.80,,100.00,92.00,95.00,57.00,60.00,2017-12-15
1304699,2017-01-01,2017-12-31,445,Arbat,Iraq,,,,,,,,,,,,100.00,100.00,74.80,100.00,100.00,,100.00,2017-12-31
1321364,2017-01-01,2017-12-31,427,Azraq,Jordan,,,,,,,,,,,,,,96.00,,100.00,100.00,,2017-01-31
1321554,2017-01-01,2017-12-31,518,Dagahaley,Kenya,,,,,,,,,,,,35.80,,99.00,,67.00,82.00,29.00,2017-03-31
1321553,2017-01-01,2017-12-31,520,Ifo,Kenya,,,,,,,,,,,,35.80,,99.00,,67.00,82.00,29.00,2017-03-31
1255249,2017-01-01,2017-12-31,3926,"Sayam Forage Camp",Niger,,,,,,,,,,,,28.70,80.00,10.00,94.00,70.00,70.00,89.00,2017-12-28
2147359,2017-01-01,2017-12-31,686,"Ajoung Thok","South Sudan",,,,,,,,,,,,19.00,,100.00,77.83,79.00,54.00,,2017-11-01
2147360,2017-01-01,2017-12-31,3886,Pamir,"South Sudan",,,,,,,,,,,,20.00,,100.00,60.55,74.00,64.00,,2017-11-01
1261666,2016-01-01,2016-12-31,463,Auserd,Algeria,,,,,,,,,,,,11.00,89.00,98.00,96.00,97.00,79.00,98.00,2016-11-05
1261667,2016-01-01,2016-12-31,464,Boujdour,Algeria,,,,,,,,,,,,10.00,89.00,98.00,96.00,97.00,79.00,98.00,2016-11-05
1261752,2016-01-01,2016-12-31,465,Dakhla,Algeria,,,,,,,,,,,,45.00,89.00,98.00,96.00,97.00,79.00,98.00,2016-11-05
1262113,2016-01-01,2016-12-31,466,Layounne,Algeria,,,,,,,,,,,,8.00,89.00,98.00,96.00,97.00,79.00,98.00,2016-11-05
1262133,2016-01-01,2016-12-31,467,Smara,Algeria,,,,,,,,,,,,24.00,89.00,98.00,96.00,97.00,79.00,98.00,2016-11-05
1324739,2016-01-01,2016-12-31,538,"Adi Harush",Ethiopia,,,,,,,,,,,,14.60,,98.00,,89.00,97.00,86.00,2016-12-31
1325265,2016-01-01,2016-12-31,534,"Mai Aini",Ethiopia,,,,,,,,,,,,15.40,,,81.00,,,93.00,2016-12-31
1321363,2016-01-01,2016-12-31,427,Azraq,Jordan,,,,,,,,,,,,,,96.00,,99.00,100.00,,2016-01-31
1736582,2016-01-01,2016-12-31,696,Abala,Niger,,,,,,,,,,,,20.30,22.97,100.00,13.51,71.00,55.00,80.00,2016-12-07
1324691,2016-01-01,2016-12-31,419,Intékan,Niger,,,,,,,,,,,,80.58,100.00,0.97,64.00,29.00,29.00,14.00,2016-11-26
1736583,2016-01-01,2016-12-31,694,Mangaizé,Niger,,,,,,,,,,,,15.80,44.83,94.00,17.24,76.00,52.00,85.00,2016-12-07
1322994,2016-01-01,2016-12-31,697,Tabareybarey,Niger,,,,,,,,,,,,16.90,46.08,100.00,1.47,91.00,50.00,81.00,2016-12-07
1325515,2015-01-01,2015-12-31,534,"Mai Aini",Ethiopia,,,,,,,,,,,,15.19,,,89.00,,,97.00,2015-12-31
1321362,2015-01-01,2015-12-31,403,Za'atri,Jordan,,,,,,,,,,,,34.37,,51.00,,,97.00,98.00,
1321380,2015-01-01,2015-12-31,518,Dagahaley,Kenya,,,,,,,,,,,,,,99.50,69.80,87.90,,56.00,2015-03-01
1321379,2015-01-01,2015-12-31,520,Ifo,Kenya,,,,,,,,,,,,,,99.50,69.80,87.60,,56.00,2015-03-01

"Emergency status total",31
"Post-emergency status total",660
